BEN;CO;MXIL;NO;NO2;O3;PM2.5;SO2;TOL
1.02;0.67;2.51;93.0;43.0;5.0;28.0;16.0;8.43
1.2;0.81;4.67;112.0;52.0;2.0;28.0;11.0;15.44
0.83;0.56;1.94;101.0;44.0;9.0;29.0;8.0;10.59
1.2;0.77;6.53;169.0;53.0;4.0;32.0;18.0;21.47
0.95;0.75;3.41;104.0;45.0;12.0;26.0;9.0;15.59
0.51;0.44;1.19;57.0;37.0;19.0;25.0;8.0;6.01
0.76;0.46;1.31;90.0;44.0;15.0;27.0;13.0;7.66
0.85;0.49;2.65;94.0;49.0;13.0;27.0;19.0;9.4
1.4;0.75;6.22;170.0;67.0;9.0;30.0;25.0;19.67
0.39;0.3;0.95;29.0;49.0;28.0;10.0;13.0;5.25
0.2;0.26;0.88;37.0;42.0;32.0;10.0;8.0;4.37
0.12;0.17;0.29;22.0;31.0;44.0;9.0;6.0;1.83
0.12;0.2;0.32;12.0;40.0;67.0;6.0;5.0;1.54
0.13;0.22;0.29;9.0;39.0;57.0;8.0;6.0;1.23
0.14;0.28;0.26;8.0;39.0;44.0;10.0;9.0;1.77
0.1;0.24;0.28;17.0;43.0;41.0;7.0;6.0;1.61
0.14;0.24;0.56;32.0;41.0;50.0;7.0;27.0;1.36
0.22;0.36;0.47;112.0;57.0;21.0;12.0;33.0;3.03
0.27;0.37;0.54;72.0;55.0;16.0;16.0;23.0;3.17
0.37;0.55;1.98;143.0;60.0;15.0;22.0;49.0;4.77
0.48;0.73;2.09;107.0;57.0;12.0;24.0;68.0;4.71
0.34;0.56;0.33;82.0;47.0;12.0;17.0;44.0;2.45
0.6;0.57;1.39;83.0;48.0;15.0;16.0;30.0;4.63
0.91;0.53;2.69;58.0;38.0;14.0;19.0;29.0;6.36
0.98;0.58;3.2;67.0;41.0;10.0;22.0;4.0;7.46
0.77;0.47;2.54;59.0;36.0;24.0;18.0;4.0;5.99
0.65;0.44;2.06;50.0;38.0;23.0;7.0;12.0;5.73
0.64;0.41;1.42;30.0;35.0;22.0;12.0;5.0;4.08
0.86;0.51;2.08;36.0;35.0;10.0;12.0;5.0;6.78
0.84;0.57;2.31;73.0;29.0;24.0;12.0;8.0;8.16
0.49;0.26;1.0;23.0;32.0;43.0;12.0;4.0;3.34
0.75;0.42;2.24;55.0;38.0;26.0;19.0;10.0;7.05
0.21;0.2;0.35;10.0;20.0;55.0;7.0;5.0;1.55
0.3;0.24;0.83;18.0;30.0;47.0;6.0;3.0;2.8
0.32;0.27;0.76;16.0;28.0;45.0;8.0;3.0;2.14
0.24;0.17;0.34;7.0;15.0;64.0;7.0;3.0;1.14
0.74;0.48;2.64;76.0;55.0;19.0;7.0;5.0;7.54
0.32;0.2;0.68;23.0;31.0;40.0;7.0;4.0;2.68
0.41;0.26;0.63;24.0;39.0;30.0;10.0;5.0;2.6
0.63;0.3;1.57;44.0;47.0;14.0;16.0;5.0;6.02
0.38;0.26;0.91;21.0;43.0;40.0;10.0;4.0;6.08
0.45;0.23;1.06;16.0;31.0;47.0;12.0;6.0;2.44
0.54;0.32;1.1;23.0;30.0;47.0;11.0;5.0;3.96
0.65;0.46;1.61;62.0;52.0;43.0;7.0;6.0;6.57
1.21;0.51;2.68;68.0;50.0;36.0;10.0;6.0;13.78
2.24;0.67;3.91;64.0;50.0;39.0;15.0;9.0;12.2
1.18;0.52;3.08;63.0;52.0;42.0;18.0;10.0;6.36
1.25;0.51;2.65;72.0;55.0;44.0;22.0;12.0;5.74
1.68;0.49;1.87;37.0;49.0;40.0;20.0;12.0;4.82
0.92;0.35;0.67;22.0;32.0;61.0;19.0;4.0;2.77
0.85;0.5;1.05;45.0;45.0;42.0;25.0;43.0;4.3
0.54;0.4;1.1;25.0;30.0;31.0;20.0;10.0;2.64
0.37;0.28;0.69;11.0;27.0;22.0;24.0;6.0;2.37
0.79;0.35;0.95;24.0;38.0;9.0;21.0;6.0;3.04
0.32;0.23;0.42;14.0;31.0;41.0;10.0;4.0;1.65
0.55;0.28;0.86;23.0;31.0;25.0;17.0;11.0;2.18
0.6;0.27;0.26;9.0;24.0;27.0;20.0;11.0;1.1
0.8;0.27;0.92;26.0;34.0;29.0;12.0;7.0;3.99
0.3;0.22;0.26;12.0;23.0;49.0;11.0;12.0;0.91
0.57;0.31;0.76;15.0;31.0;37.0;10.0;8.0;2.37
0.15;0.15;0.18;5.0;14.0;58.0;13.0;3.0;0.87
0.58;0.27;1.15;28.0;33.0;27.0;11.0;5.0;2.81
0.54;0.28;0.87;26.0;30.0;16.0;21.0;10.0;3.29
0.7;0.68;1.86;44.0;41.0;11.0;24.0;12.0;4.81
1.16;0.59;2.56;71.0;56.0;15.0;25.0;22.0;6.75
0.74;0.33;1.01;21.0;27.0;35.0;26.0;11.0;3.56
0.16;0.16;0.13;4.0;13.0;52.0;14.0;3.0;0.58
0.34;0.17;0.32;12.0;22.0;49.0;13.0;4.0;1.18
0.21;0.16;0.18;12.0;23.0;34.0;16.0;6.0;1.15
0.3;0.18;0.38;20.0;25.0;31.0;22.0;11.0;2.33
0.55;0.4;1.04;24.0;33.0;27.0;21.0;16.0;2.67
0.39;0.17;0.31;6.0;22.0;46.0;23.0;6.0;1.13
0.1;0.15;0.12;3.0;13.0;50.0;19.0;7.0;0.74
0.27;0.25;0.21;3.0;16.0;39.0;26.0;12.0;0.77
0.49;0.23;0.6;9.0;25.0;33.0;23.0;9.0;2.18
0.29;0.17;0.28;9.0;28.0;39.0;10.0;5.0;1.71
0.21;0.15;0.23;10.0;22.0;45.0;10.0;4.0;1.21
0.22;0.15;0.23;13.0;22.0;53.0;11.0;4.0;1.08
0.36;0.17;0.37;21.0;29.0;38.0;13.0;4.0;1.49
0.62;0.28;0.66;13.0;38.0;18.0;14.0;9.0;2.36
0.5;0.19;0.48;7.0;22.0;48.0;11.0;3.0;1.8
0.32;0.18;0.38;9.0;26.0;48.0;8.0;5.0;1.91
0.63;0.32;1.19;29.0;41.0;29.0;13.0;10.0;5.16
0.74;0.4;1.38;45.0;44.0;20.0;12.0;9.0;5.7
0.94;0.37;1.82;48.0;40.0;24.0;15.0;7.0;6.3
0.36;0.21;0.55;23.0;30.0;38.0;13.0;4.0;2.88
0.04;0.12;0.15;4.0;9.0;67.0;9.0;2.0;0.45
0.08;0.12;0.12;2.0;4.0;71.0;9.0;2.0;0.19
0.96;0.29;0.72;21.0;33.0;28.0;16.0;18.0;2.45
0.66;0.32;0.43;13.0;24.0;39.0;20.0;16.0;1.61
0.28;0.11;0.2;5.0;14.0;53.0;12.0;2.0;0.47
0.33;0.14;0.31;19.0;23.0;40.0;17.0;3.0;1.3
0.34;0.26;0.35;14.0;27.0;35.0;18.0;4.0;1.81
0.65;0.34;0.51;17.0;31.0;38.0;19.0;10.0;2.44
0.74;0.64;0.31;8.0;31.0;42.0;34.0;24.0;1.4
0.31;0.39;0.25;5.0;18.0;55.0;27.0;6.0;1.03
0.25;0.1;0.21;3.0;13.0;63.0;17.0;2.0;0.72
0.28;0.39;0.25;4.0;16.0;53.0;30.0;5.0;0.77
0.26;0.4;0.2;3.0;17.0;51.0;32.0;11.0;0.57
0.28;0.21;0.45;2.0;16.0;53.0;31.0;4.0;0.51
0.25;0.11;0.2;3.0;11.0;57.0;18.0;2.0;0.3
0.26;0.11;0.24;7.0;12.0;41.0;13.0;2.0;1.02
0.25;0.1;0.22;5.0;9.0;56.0;16.0;2.0;0.4
0.25;0.1;0.2;3.0;8.0;65.0;19.0;2.0;0.29
0.34;0.1;0.21;4.0;13.0;69.0;15.0;2.0;0.51
0.29;0.11;0.25;8.0;20.0;56.0;23.0;6.0;0.67
0.43;0.3;0.49;17.0;32.0;44.0;28.0;6.0;2.22
0.38;0.43;0.42;10.0;30.0;45.0;23.0;15.0;2.36
0.28;0.36;0.21;3.0;16.0;58.0;18.0;7.0;0.76
0.33;0.56;0.42;14.0;32.0;26.0;21.0;5.0;2.48
0.38;0.12;0.2;5.0;21.0;52.0;13.0;3.0;0.63
0.32;0.11;0.2;6.0;16.0;53.0;8.0;2.0;0.38
0.27;0.13;0.21;8.0;18.0;44.0;9.0;3.0;0.5
0.29;0.14;0.27;14.0;21.0;42.0;9.0;2.0;0.81
0.29;0.21;0.25;8.0;20.0;51.0;9.0;9.0;0.86
0.29;0.13;0.23;3.0;10.0;64.0;5.0;14.0;0.6
0.33;0.15;0.3;8.0;14.5;50.5;5.5;9.5;0.95
0.37;0.16;0.36;13.0;19.0;37.0;6.0;5.0;1.3
0.37;0.16;0.36;13.0;19.0;37.0;9.0;5.0;1.3
0.25;0.19;0.2;6.0;13.0;42.0;8.0;3.0;0.78
0.55;0.27;0.28;13.0;20.0;37.0;17.0;3.0;1.68
0.85;0.34;0.35;19.0;37.0;31.0;16.0;3.0;2.57
0.3;0.32;0.26;7.0;29.0;28.0;11.0;3.0;1.19
0.15;0.37;0.21;4.0;24.0;33.0;13.0;2.0;0.65
0.22;0.35;0.25;13.0;30.0;28.0;15.0;2.0;1.34
0.16;0.28;0.23;8.0;29.0;27.0;20.0;2.0;1.32
0.29;0.35;0.38;12.0;33.0;29.0;16.0;4.0;1.96
0.72;0.37;0.27;18.0;38.0;38.0;11.0;6.0;2.54
0.23;0.31;0.26;8.0;35.0;34.0;14.0;4.0;1.62
0.18;0.33;0.28;7.0;29.0;38.0;12.0;4.0;0.92
0.26;0.41;0.23;6.0;26.0;39.0;13.0;7.0;0.68
0.29;0.39;0.47;19.0;32.0;30.0;12.0;6.0;1.55
0.63;0.35;0.41;15.0;33.0;38.0;16.0;7.0;1.45
0.99;0.29;0.66;9.0;30.0;37.0;16.0;5.0;1.43
0.75;0.19;0.27;10.0;27.0;52.0;9.0;6.0;0.94
0.62;0.22;0.61;13.0;28.0;48.0;11.0;6.0;1.67
0.48;0.19;0.26;6.0;23.0;42.0;10.0;7.0;0.72
0.36;0.55;0.37;11.0;38.0;33.0;13.0;15.0;1.18
0.36;0.28;0.37;3.0;25.0;46.0;19.0;9.0;1.18
0.24;0.18;0.47;4.0;15.0;49.0;19.0;5.0;1.64
0.33;0.55;0.38;6.0;31.0;32.0;19.0;15.0;1.92
0.87;0.43;1.26;22.0;55.0;29.0;19.0;9.0;3.92
0.75;0.29;0.84;23.0;44.0;24.0;18.0;17.0;2.96
0.74;0.38;0.38;9.0;28.0;31.0;23.0;15.0;1.34
0.54;0.2;0.21;2.0;15.0;61.0;19.0;15.0;0.6
0.4;0.4;0.27;8.0;27.0;47.0;14.0;15.0;1.0
0.27;0.54;0.36;5.0;27.0;47.0;20.0;13.0;1.94
0.3;0.42;0.33;7.0;24.0;36.0;18.0;7.0;1.4
0.77;0.57;1.5;11.0;30.0;33.0;30.0;8.0;3.6
0.37;0.15;0.24;4.0;20.0;68.0;15.0;2.0;0.76
0.41;0.15;0.22;4.0;22.0;42.0;12.0;3.0;0.6
0.34;0.17;0.23;5.0;22.0;38.0;11.0;3.0;0.76
0.35;0.22;0.33;12.0;24.0;42.0;13.0;21.0;1.14
0.22;0.1;0.2;3.0;8.0;78.0;10.0;2.0;0.28
0.44;0.43;0.34;9.0;31.0;42.0;16.0;16.0;1.05
0.35;0.36;0.29;16.0;20.0;29.0;16.0;16.0;0.98
0.35;0.36;0.3;17.0;20.0;28.0;18.0;9.0;0.98
0.25;0.29;0.25;24.0;10.0;41.0;19.0;9.0;0.9
0.41;0.19;0.2;19.0;3.0;39.0;16.0;9.0;0.4
0.31;0.17;0.24;20.0;5.0;41.0;10.0;2.0;0.61
0.2;0.14;0.27;20.0;6.0;39.0;12.0;2.0;0.82
0.41;0.19;0.27;20.0;8.0;38.0;20.0;3.0;1.02
0.25;0.16;0.22;21.0;5.0;55.0;15.0;5.0;0.65
0.15;0.11;0.2;16.0;4.0;51.0;12.0;5.0;0.33
0.15;0.24;0.2;16.0;3.0;65.0;13.0;6.0;0.36
0.29;0.49;0.23;31.0;6.0;53.0;18.0;8.0;0.86
0.58;0.37;0.46;50.0;18.0;43.0;23.0;9.0;2.61
0.5;0.47;0.41;47.0;16.0;67.0;32.0;14.0;2.45
0.41;0.26;0.45;29.0;20.0;68.0;29.0;10.0;1.78
0.22;0.11;0.33;3.0;17.0;51.0;21.0;6.0;0.7
0.38;0.15;0.28;3.0;23.0;37.0;15.0;7.0;0.76
0.35;0.12;0.25;3.0;14.0;30.0;9.0;6.0;0.51
0.35;0.12;0.25;3.0;14.0;30.0;5.0;6.0;0.51
0.3;0.19;0.3;8.0;20.0;24.0;3.0;9.0;0.77
0.41;0.11;0.31;6.0;22.0;23.0;5.0;8.0;1.25
0.31;0.11;0.27;11.0;18.0;34.0;3.0;6.0;0.87
0.29;0.1;0.26;7.0;16.0;48.0;4.0;6.0;0.69
0.33;0.11;0.29;7.0;17.0;48.0;4.0;5.0;0.57
0.33;0.11;0.28;5.5;14.0;47.5;4.0;6.5;0.51
0.33;0.1;0.26;4.0;11.0;47.0;4.0;8.0;0.45
0.4;0.14;0.25;4.0;13.0;33.0;7.0;13.0;0.4
0.3;0.25;0.25;4.0;17.0;24.0;10.0;13.0;0.76
0.36;0.45;0.29;9.0;31.0;25.0;13.0;18.0;1.35
0.35;0.11;0.28;3.0;19.0;39.0;12.0;8.0;0.79
0.38;0.18;0.35;5.0;23.0;32.0;18.0;16.0;1.13
0.52;0.25;0.33;6.0;25.0;34.0;22.0;14.0;0.9
0.36;0.1;0.25;2.0;12.0;58.0;8.0;4.0;0.31
0.42;0.1;0.25;2.0;14.0;44.0;8.0;4.0;0.45
0.34;0.1;0.25;6.0;14.0;30.0;4.0;4.0;0.42
0.32;0.34;0.25;6.0;22.0;35.0;8.0;13.0;0.57
0.49;0.41;0.34;13.0;22.0;20.0;13.0;13.0;0.99
0.28;0.39;0.3;5.0;18.0;29.0;10.0;9.0;0.74
0.26;0.31;0.26;3.0;14.0;41.0;4.0;5.0;0.31
0.26;0.31;0.25;4.0;14.0;42.0;4.0;6.0;0.35
0.25;0.34;0.25;3.0;13.0;55.0;7.0;8.0;0.28
0.55;0.44;0.26;6.0;26.0;53.0;14.0;10.0;0.92
0.54;0.44;0.34;4.0;22.0;52.0;20.0;7.0;0.91
0.44;0.39;0.31;9.0;23.0;34.0;13.0;8.0;0.97
0.29;0.34;0.27;4.0;18.0;40.0;4.0;6.0;0.57
0.45;0.42;0.29;5.0;19.0;39.0;9.0;8.0;0.58
0.3;0.38;0.25;4.0;17.0;32.0;6.0;12.0;0.52
0.28;0.33;0.25;2.0;10.0;34.0;4.0;6.0;0.32
0.25;0.32;0.25;4.0;9.0;39.0;3.0;6.0;0.31
0.36;0.35;0.25;4.0;15.0;43.0;7.0;7.0;0.48
0.47;0.41;0.32;5.0;21.0;34.0;10.0;9.0;0.81
0.43;0.42;0.35;11.0;17.0;28.0;6.0;8.0;1.06
0.35;0.62;0.32;5.0;26.0;34.0;10.0;11.0;0.76
0.34;0.53;0.25;6.0;23.0;41.0;8.0;15.0;0.62
0.3;0.37;0.25;2.0;10.0;47.0;7.0;7.0;0.35
0.34;0.39;0.26;5.0;17.0;34.0;4.0;6.0;0.54
0.29;0.41;0.28;5.0;18.0;31.0;4.0;5.0;0.5
0.33;0.5;0.37;11.0;20.0;31.0;7.0;8.0;0.73
0.45;0.49;0.27;9.0;24.0;23.0;10.0;11.0;0.88
0.34;0.49;0.28;12.0;21.0;20.0;12.0;10.0;1.1
0.29;0.44;0.25;2.0;12.0;44.0;5.0;7.0;0.27
0.25;0.33;0.25;2.0;7.0;53.0;4.0;6.0;0.25
0.42;0.38;0.27;5.0;17.0;39.0;3.0;7.0;0.64
0.33;0.36;0.26;6.0;14.0;46.0;3.0;6.0;0.42
0.37;0.36;0.3;6.0;17.0;52.0;3.0;5.0;0.58
0.28;0.36;0.5;5.0;16.0;45.0;5.0;5.0;1.09
0.3;0.38;0.29;8.0;19.0;40.0;5.0;7.0;0.68
0.27;0.39;0.48;5.0;16.0;41.0;4.0;6.0;0.61
0.29;0.37;0.26;4.0;13.0;37.0;7.0;6.0;0.47
0.33;0.42;0.25;5.0;17.0;46.0;11.0;7.0;0.47
0.36;0.37;0.25;2.0;10.0;42.0;6.0;6.0;0.29
0.32;0.49;0.31;5.0;19.0;37.0;7.0;7.0;0.85
0.34;0.54;0.28;9.0;23.0;35.0;9.0;10.0;0.94
0.48;0.39;0.25;6.0;18.0;41.0;6.0;7.0;0.72
0.3;0.34;0.25;2.0;8.0;46.0;3.0;7.0;0.27
0.37;0.39;0.25;6.0;16.0;34.0;4.0;7.0;0.62
0.54;0.85;0.55;21.0;42.0;32.0;10.0;13.0;2.24
0.7;0.43;0.56;9.0;26.0;39.0;10.0;9.0;1.44
0.77;0.41;0.27;8.0;19.0;25.0;7.0;7.0;1.0
0.32;0.37;0.27;4.0;16.0;28.0;6.0;10.0;0.93
0.4;0.77;0.35;8.0;26.0;23.0;10.0;10.0;1.14
0.46;0.6;0.31;9.0;20.0;26.0;13.0;8.0;1.15
0.6;0.47;0.37;10.0;25.0;16.0;8.0;7.0;1.48
0.56;0.48;0.39;11.0;23.0;30.0;13.0;8.0;1.11
0.51;0.41;0.26;3.0;19.0;44.0;14.0;8.0;0.64
0.45;0.4;0.27;4.0;18.0;36.0;6.0;7.0;0.67
0.35;0.4;0.55;4.0;19.0;40.0;5.0;8.0;1.78
0.44;0.44;0.35;11.0;21.0;36.0;7.0;8.0;0.86
0.46;0.5;0.28;8.0;19.0;31.0;8.0;9.0;0.84
0.73;0.56;0.32;6.0;26.0;25.0;9.0;10.0;1.02
0.5;0.44;0.26;5.0;17.0;25.0;7.0;7.0;0.94
0.52;0.44;0.33;9.0;18.0;33.0;11.0;9.0;0.92
0.34;0.38;0.28;3.0;14.0;43.0;6.0;7.0;0.6
0.37;0.42;0.28;8.0;18.0;30.0;8.0;8.0;0.96
0.34;0.38;0.25;2.0;9.0;47.0;5.0;8.0;0.35
0.35;0.38;0.26;3.0;10.0;47.0;4.0;7.0;0.38
0.48;0.4;0.29;4.0;14.0;35.0;4.0;7.0;0.68
0.33;0.37;0.27;4.0;10.0;46.0;5.0;6.0;0.43
0.43;0.41;0.28;7.0;18.0;24.0;5.0;9.0;0.66
0.46;0.41;0.37;15.0;15.0;19.0;5.0;9.0;0.96
0.4;0.37;0.26;4.0;14.0;41.0;4.0;7.0;0.66
0.44;0.41;0.29;8.0;18.0;24.0;3.0;7.0;0.73
0.5;0.42;0.38;6.0;16.0;27.0;3.0;7.0;1.02
0.37;0.39;0.26;3.0;11.0;36.0;3.0;7.0;0.56
0.43;0.42;0.36;10.0;14.0;25.0;5.0;8.0;0.88
0.38;0.42;0.28;9.0;14.0;26.0;5.0;8.0;0.92
0.55;0.81;0.65;10.0;14.0;16.0;11.0;18.0;2.35
0.41;0.49;0.42;16.0;17.0;32.0;7.0;8.0;1.2
0.26;0.36;0.25;4.0;13.0;47.0;4.0;7.0;0.38
0.56;0.5;0.37;13.0;20.0;25.0;8.0;8.0;1.34
0.43;0.49;0.26;8.0;15.0;36.0;11.0;9.0;0.63
0.37;0.45;0.27;9.0;16.0;30.0;5.0;7.0;0.8
0.41;0.6;0.42;14.0;25.0;19.0;7.0;9.0;1.52
0.58;0.47;0.74;35.0;35.0;20.0;6.0;10.0;2.03
0.55;0.64;0.75;30.0;35.0;18.0;7.0;13.0;2.08
0.6;0.47;0.47;28.0;26.0;30.0;9.0;11.0;1.54
0.58;0.39;0.32;12.0;24.0;42.0;3.0;8.0;0.69
0.53;0.38;0.29;11.0;21.5;32.5;4.0;7.5;0.65
0.49;0.38;0.26;10.0;19.0;23.0;5.0;7.0;0.61
0.46;0.53;0.31;15.0;27.0;18.0;8.0;8.0;1.16
0.37;0.38;0.28;12.0;19.0;18.0;6.0;6.0;0.83
0.33;0.34;0.26;13.0;18.0;22.0;6.0;4.0;0.88
0.33;0.36;0.29;11.0;21.0;37.0;5.0;6.0;0.73
0.32;0.33;0.26;11.0;19.0;42.0;6.0;6.0;0.5
0.43;0.5;0.29;12.0;26.0;33.0;8.0;6.0;0.76
0.55;0.6;0.3;19.0;26.0;27.0;10.0;8.0;1.2
0.53;0.54;0.38;31.0;33.0;22.0;11.0;7.0;1.48
0.62;0.64;0.64;43.0;39.0;15.0;11.0;11.0;2.47
0.68;0.45;0.62;52.0;43.0;25.0;8.0;7.0;2.43
0.75;0.84;0.7;33.0;33.0;17.0;16.0;10.0;2.25
0.73;0.51;0.43;38.0;38.0;20.0;23.0;9.0;1.65
0.82;0.86;0.7;29.0;46.0;17.0;24.0;16.0;1.84
1.38;0.75;2.63;85.0;57.0;8.0;20.0;10.0;6.14
0.73;0.45;0.66;22.0;36.0;37.0;26.0;6.0;2.08
0.98;0.57;0.36;32.0;40.0;12.0;22.0;6.0;1.59
0.81;0.57;1.11;40.0;38.0;10.0;13.0;9.0;1.81
0.62;0.49;0.63;42.0;41.0;10.0;5.0;7.0;1.94
0.74;0.49;1.27;62.0;38.0;21.0;7.0;6.0;2.98
0.4;0.33;0.27;11.0;21.0;48.0;4.0;6.0;0.55
0.46;0.35;0.3;12.0;23.0;33.0;6.0;6.0;0.63
0.66;0.61;0.5;37.0;41.0;14.0;10.0;16.0;1.57
1.05;0.59;1.6;95.0;61.0;9.0;8.0;11.0;3.78
0.9;0.79;1.64;77.0;59.0;9.0;9.0;18.0;3.79
0.86;0.56;1.24;79.0;54.0;18.0;8.0;15.0;3.3
0.57;0.49;0.71;55.0;41.0;20.0;13.0;10.0;2.29
0.32;0.3;0.25;8.0;22.0;39.0;10.0;5.0;0.84
0.33;0.32;0.25;8.0;19.0;40.0;8.0;4.0;0.58
0.3;0.31;0.25;10.0;24.0;36.0;3.0;5.0;0.42
0.58;0.44;0.58;55.0;40.0;17.0;6.0;9.0;1.74
1.16;0.72;1.61;74.0;48.0;4.0;7.0;17.0;4.1
1.02;0.63;1.09;74.0;52.0;5.0;11.0;10.0;3.47
0.64;0.56;0.66;41.0;42.0;11.0;5.0;8.0;2.65
0.52;0.47;0.5;27.0;24.0;25.0;6.0;7.0;1.57
0.4;0.39;0.34;10.0;23.0;45.0;4.0;6.0;0.63
0.72;0.53;0.45;43.0;38.0;23.0;6.0;11.0;1.46
0.58;0.58;0.38;36.0;33.0;18.0;6.0;13.0;1.51
0.7;0.6;0.35;30.0;42.0;28.0;5.0;7.0;1.26
0.68;0.66;0.43;32.0;43.0;15.0;4.0;14.0;1.39
0.67;0.62;0.47;28.0;46.0;21.0;3.0;8.0;1.71
0.48;0.69;0.29;22.0;32.0;21.0;4.0;11.0;1.13
0.38;0.59;0.31;13.0;23.0;31.0;3.0;10.0;0.87
0.56;0.53;0.5;43.0;41.0;31.0;3.0;7.0;1.39
0.62;0.52;0.35;50.0;38.0;16.0;8.0;6.0;1.62
1.21;0.89;0.31;115.0;46.0;5.0;11.0;14.0;3.76
1.4;0.84;1.14;121.0;47.0;9.0;10.0;13.0;4.97
0.86;0.69;0.45;38.0;40.0;10.0;16.0;24.0;2.1
0.89;0.67;0.59;57.0;33.0;13.0;9.0;9.0;2.9
0.94;0.73;0.73;58.0;33.0;9.0;11.0;13.0;2.67
1.52;1.02;0.93;151.0;61.0;3.0;11.0;24.0;5.98
1.09;1.02;0.58;167.0;67.0;3.0;8.0;23.0;5.21
0.79;1.13;0.25;74.0;41.0;28.0;7.0;25.0;3.39
0.79;1.06;1.87;106.0;56.0;22.0;15.0;14.0;5.53
0.49;0.44;0.45;27.0;55.0;13.0;10.0;5.0;1.83
0.15;0.33;0.26;13.0;37.0;31.0;4.0;5.0;0.43
0.39;0.44;0.39;29.0;34.0;15.0;6.0;7.0;1.14
0.43;0.51;0.74;52.0;44.0;7.0;7.0;15.0;1.9
0.32;0.45;0.56;39.0;42.0;17.0;6.0;12.0;1.64
0.32;0.45;0.56;39.0;42.0;17.0;4.0;13.0;1.64
0.21;0.39;0.37;26.0;39.0;27.0;4.0;10.0;1.37
0.22;0.36;0.36;23.0;37.0;33.5;4.5;9.0;1.14
0.23;0.34;0.36;20.0;35.0;40.0;5.0;8.0;0.91
0.32;0.42;0.27;17.0;36.0;25.0;6.0;11.0;0.59
0.44;0.55;0.39;24.0;35.0;14.0;7.0;14.0;1.18
0.57;0.5;0.87;64.0;41.0;13.0;5.0;9.0;2.15
0.78;0.58;1.14;105.0;45.0;7.0;8.0;7.0;2.7
0.93;0.62;1.31;69.0;44.0;6.0;15.0;10.0;3.19
0.83;0.72;1.2;85.0;56.0;4.0;6.0;17.0;3.34
0.16;0.3;0.26;10.0;28.0;35.0;3.0;7.0;0.56
0.27;0.41;0.33;22.0;33.0;24.0;2.0;9.0;0.83
0.15;0.32;0.27;13.0;24.0;50.0;1.0;7.0;0.66
0.17;0.31;0.26;19.0;31.0;38.0;4.0;8.0;0.55
0.33;0.44;0.43;38.0;39.0;22.0;5.0;10.0;1.22
0.44;0.5;0.86;44.0;36.0;23.0;6.0;17.0;2.12
0.2;0.32;0.37;24.0;34.0;33.0;2.0;7.0;0.97
0.19;0.34;0.28;18.0;33.0;40.0;4.0;8.0;0.86
0.27;0.4;0.32;17.0;35.0;25.0;7.0;8.0;0.83
0.5;0.5;0.5;31.0;33.0;17.0;8.0;15.0;1.37
0.49;0.58;0.49;56.0;46.0;6.0;8.0;26.0;1.74
0.51;0.38;0.77;49.0;40.0;20.0;4.0;5.0;2.33
0.66;0.52;0.89;77.0;40.0;6.0;12.0;9.0;2.53
1.02;0.81;1.33;118.0;46.0;4.0;14.0;16.0;3.9
0.7;0.71;1.1;94.0;42.0;7.0;15.0;15.0;3.05
0.86;0.68;0.81;81.0;36.0;9.0;14.0;10.0;2.6
0.88;0.68;0.88;76.0;37.0;6.0;11.0;12.0;2.02
0.48;0.45;0.36;33.0;27.0;22.0;8.0;11.0;1.09
0.32;0.41;1.01;45.0;39.0;27.0;2.0;11.0;1.4
0.22;0.29;0.31;16.0;32.0;40.0;4.0;8.0;0.87
0.45;0.5;0.82;44.0;49.0;18.0;5.0;9.0;2.08
0.72;0.67;1.71;76.0;54.0;13.0;3.0;11.0;4.71
1.39;0.88;2.69;133.0;53.0;8.0;6.0;18.0;6.41
0.32;0.3;0.41;27.0;24.0;38.0;3.0;7.0;1.3
0.29;0.25;0.46;15.0;28.0;41.0;6.0;6.0;1.01
0.25;0.23;0.32;12.0;24.0;45.0;3.0;8.0;0.71
0.26;0.17;0.26;13.0;22.0;39.0;3.0;6.0;0.5
0.54;0.41;0.63;45.0;46.0;21.0;3.0;14.0;2.58
0.29;0.2;0.28;13.0;33.0;48.0;3.0;6.0;0.55
0.33;0.25;0.26;10.0;29.0;41.0;3.0;9.0;0.51
0.41;0.32;0.39;15.0;35.0;36.0;4.0;6.0;0.91
0.72;0.52;0.67;66.0;54.0;7.0;5.0;14.0;1.95
0.64;0.4;0.61;63.0;52.0;12.0;4.0;11.0;1.98
0.72;0.41;0.79;77.0;53.0;19.0;4.0;7.0;2.6
0.4;0.3;0.3;14.0;36.0;29.0;6.0;13.0;0.75
0.99;0.56;9.52;89.0;57.0;3.0;8.0;8.0;3.43
1.0;0.58;2.61;62.0;59.0;3.0;6.0;4.0;2.97
0.61;0.39;0.98;21.0;46.0;6.0;7.0;4.0;1.38
0.6;0.45;0.61;42.0;48.0;9.0;7.0;6.0;1.71
0.4;0.21;0.4;16.0;35.0;19.0;4.0;5.0;0.83
0.5;0.27;0.66;28.0;46.0;22.0;6.0;7.0;1.24
0.78;0.43;11.57;85.0;59.0;10.0;13.0;17.0;2.4
0.86;0.43;6.61;92.0;54.0;16.0;5.0;17.0;2.9
0.84;0.3;6.7;92.0;55.0;29.0;5.0;15.0;2.91
0.82;0.34;6.8;92.0;54.0;28.0;2.0;12.0;2.92
0.94;0.55;1.68;100.0;50.0;6.0;7.0;12.0;3.45
0.68;0.45;2.26;68.0;45.0;3.0;6.0;9.0;2.11
0.68;0.5;2.26;79.0;48.0;4.0;9.0;9.0;2.11
0.41;0.26;2.85;17.0;48.0;14.0;3.0;4.0;0.77
0.4;0.3;0.33;22.0;42.0;27.0;6.0;8.0;0.74
0.44;0.31;0.46;14.0;41.0;26.0;7.0;8.0;0.68
0.7;0.4;1.14;37.0;42.0;14.0;10.0;8.0;1.26
0.92;0.68;1.72;101.0;57.0;5.0;15.0;18.0;2.72
0.72;0.52;1.05;52.0;47.0;8.0;18.0;18.0;1.95
0.52;0.37;0.38;29.0;41.0;13.0;16.0;13.0;1.17
0.35;0.24;0.73;16.0;38.0;40.0;5.0;10.0;1.38
0.18;0.29;1.07;22.0;43.0;36.0;7.0;8.0;1.59
0.15;0.33;0.4;12.0;33.0;40.0;3.0;8.0;1.15
0.15;0.24;0.31;8.0;26.0;49.0;5.0;6.0;0.66
0.19;0.22;0.6;12.0;32.0;37.0;5.0;6.0;1.24
0.27;0.34;0.72;28.0;46.0;24.0;9.0;9.0;1.78
0.25;0.33;0.46;24.0;47.0;29.0;8.0;9.0;1.43
0.23;0.32;1.25;26.0;47.0;30.0;9.0;8.0;1.87
0.21;0.37;0.96;25.0;52.0;28.0;4.0;8.0;2.18
0.18;0.34;0.88;16.0;42.0;30.0;5.0;11.0;1.89
0.15;0.3;0.61;13.0;33.0;35.0;1.0;8.0;1.48
0.25;0.28;2.36;27.0;43.0;39.0;4.0;5.0;2.22
0.22;0.31;1.1;22.0;47.0;30.0;4.0;8.0;2.15
1.53;0.83;8.22;163.0;74.0;14.0;2.0;10.0;13.65
1.0;0.79;7.15;129.0;63.0;3.0;5.0;8.0;11.35
0.55;0.52;2.66;53.0;38.0;14.0;8.0;14.0;4.91
0.38;0.28;1.08;22.0;36.0;41.0;3.0;5.0;1.64
0.25;0.32;1.07;12.0;38.0;26.0;5.0;7.0;1.83
0.17;0.24;0.6;16.0;41.0;29.0;3.0;6.0;1.51
0.18;0.22;0.51;16.0;40.0;37.0;3.0;6.0;1.26
0.15;0.18;0.61;15.0;33.0;39.0;2.0;4.0;1.34
0.25;0.29;0.93;29.0;45.0;26.0;9.0;7.0;2.03
0.32;0.32;1.87;24.0;44.0;26.0;14.0;6.0;2.17
0.45;0.39;1.21;30.0;41.0;25.0;17.0;7.0;2.46
0.52;0.39;1.25;19.0;39.0;25.0;20.0;11.0;2.84
0.64;0.28;0.21;28.0;43.0;38.0;12.0;12.0;4.0
0.65;0.34;0.36;21.0;44.0;33.0;12.0;13.0;4.11
0.65;0.24;0.36;7.0;24.0;48.0;13.0;12.0;4.0
0.64;0.41;0.51;44.0;58.0;21.0;13.0;7.0;1.64
0.15;0.27;0.51;16.0;34.0;44.0;13.0;7.0;1.64
0.25;0.22;1.08;26.0;40.0;44.0;13.0;6.0;1.87
0.43;0.31;2.51;43.0;47.0;25.0;13.0;11.0;4.15
0.23;0.16;1.18;14.0;28.0;43.0;12.0;5.0;2.27
0.26;0.2;1.08;16.0;28.0;47.0;12.0;7.0;2.17
0.14;0.14;0.24;5.0;12.0;71.0;12.0;5.0;0.41
0.14;0.16;0.25;9.0;24.0;57.0;12.0;5.0;0.57
0.27;0.28;1.52;30.0;43.0;27.0;12.0;9.0;2.83
0.19;0.21;1.45;19.0;38.0;43.0;8.0;5.0;2.8
0.29;0.25;1.08;34.0;37.0;45.0;9.0;5.0;2.52
0.19;0.28;0.87;28.0;39.0;41.0;9.0;11.0;2.02
0.14;0.19;0.32;8.0;27.0;54.0;5.0;6.0;0.8
0.14;0.19;0.26;6.0;21.0;57.0;5.0;5.0;0.51
0.15;0.21;0.37;11.0;26.0;50.0;6.0;4.0;0.85
0.16;0.24;0.53;11.0;35.0;43.0;17.0;3.0;1.04
0.16;0.26;0.72;13.0;38.0;42.0;12.0;7.0;1.09
0.2;0.49;1.13;25.0;49.0;30.0;13.0;16.0;1.93
0.16;0.29;1.0;18.0;41.0;34.0;8.0;11.0;2.03
0.14;0.16;0.22;7.0;17.0;62.0;5.0;4.0;0.27
0.18;0.26;0.4;8.0;28.0;51.0;6.0;5.0;0.79
0.26;0.27;0.98;23.0;46.0;29.0;10.0;7.0;2.26
0.15;0.18;0.49;20.0;25.0;22.0;8.0;9.0;1.54
0.15;0.22;0.46;21.0;27.0;34.0;9.0;9.0;1.16
0.14;0.22;0.23;7.0;27.0;42.0;6.0;7.0;0.5
0.14;0.15;0.21;7.0;18.0;67.0;4.0;6.0;0.27
0.16;0.19;0.28;7.0;22.0;55.0;7.0;4.0;0.46
0.32;0.31;1.04;20.0;36.0;23.0;13.0;9.0;2.29
0.26;0.3;1.66;34.0;41.0;28.0;11.0;5.0;4.14
0.24;0.16;0.5;10.0;27.0;53.0;7.0;5.0;1.97
0.21;0.19;0.9;18.0;34.0;37.0;9.0;5.0;2.07
0.25;0.28;1.05;18.0;36.0;26.0;11.0;7.0;3.54
0.25;0.34;1.61;37.0;38.0;45.0;15.0;7.0;3.91
0.14;0.17;0.31;6.0;22.0;53.0;7.0;3.0;0.61
0.14;0.23;0.34;10.0;26.0;41.0;7.0;5.0;0.77
0.3;0.17;0.69;11.0;33.0;49.0;6.0;3.0;0.99
0.46;0.15;1.03;8.0;25.0;51.0;7.0;3.0;1.22
0.45;0.17;1.2;12.0;26.0;51.0;6.0;6.0;1.46
0.77;0.23;2.9;27.0;34.0;34.0;9.0;6.0;3.24
0.72;0.35;1.46;15.0;39.0;31.0;13.0;6.0;2.48
0.59;0.38;1.12;7.0;25.0;39.0;14.0;8.0;1.8
0.58;0.27;1.05;3.0;16.0;42.0;11.0;4.0;1.57
0.56;0.22;1.39;17.0;26.0;36.0;10.0;5.0;2.02
0.74;0.52;2.02;26.0;29.0;31.0;16.0;13.0;3.26
0.87;0.48;2.94;21.0;36.0;32.0;20.0;24.0;3.84
0.73;0.28;1.76;12.0;25.0;46.0;17.0;16.0;2.75
0.51;0.38;1.12;4.0;21.0;49.0;28.0;10.0;1.77
0.91;0.74;2.31;23.0;33.0;24.0;28.0;11.0;5.62
0.96;0.31;1.42;6.0;20.0;40.0;26.0;7.0;2.3
0.43;0.12;0.91;4.0;17.0;51.0;11.0;3.0;1.14
0.38;0.21;0.9;4.0;17.0;40.0;14.0;3.0;1.25
0.45;0.13;1.09;4.0;18.0;49.0;9.0;4.0;1.36
0.36;0.1;0.94;4.0;18.0;45.0;6.0;3.0;1.39
0.39;0.13;1.0;9.0;16.0;56.0;7.0;5.0;1.36
0.45;0.14;0.89;4.0;18.0;51.0;7.0;5.0;1.1
0.44;0.17;0.87;4.0;17.0;40.0;8.0;4.0;1.05
0.58;0.19;1.15;11.0;27.0;42.0;7.0;4.0;1.56
0.48;0.19;1.0;7.0;20.5;49.5;7.5;5.0;1.28
0.37;0.19;0.86;3.0;14.0;57.0;8.0;6.0;1.0
0.6;0.26;1.05;17.0;25.0;33.0;10.0;8.0;1.56
0.48;0.16;1.0;8.0;25.0;51.0;7.0;3.0;1.34
0.42;0.14;0.97;8.0;20.0;43.0;9.0;4.0;1.49
0.46;0.18;0.97;6.0;18.0;42.0;11.0;6.0;1.47
0.41;0.28;1.03;4.0;20.0;51.0;15.0;8.0;1.65
0.98;0.43;1.67;21.0;29.0;42.0;27.0;13.0;3.07
0.57;0.15;0.91;3.0;20.0;61.0;20.0;4.0;1.26
0.47;0.23;1.51;5.0;23.0;60.0;11.0;5.0;1.18
0.36;0.24;0.91;3.0;22.0;59.0;9.0;7.0;1.09
0.51;0.31;1.35;17.0;29.0;42.0;13.0;11.0;2.02
0.38;0.27;1.05;4.0;18.0;61.0;5.0;7.0;1.21
0.4;0.28;0.92;4.0;20.0;47.0;6.0;9.0;1.3
0.37;0.34;0.94;5.0;23.0;50.0;5.0;9.0;1.17
0.49;0.34;1.11;9.0;22.0;41.0;9.0;14.0;1.51
0.41;0.27;1.07;6.0;19.0;49.0;6.0;9.0;1.29
0.36;0.27;0.91;4.0;19.0;55.0;8.0;9.0;1.26
0.41;0.26;0.99;3.0;21.0;60.0;14.0;10.0;1.39
0.36;0.28;0.87;2.0;14.0;66.0;15.0;11.0;0.96
0.36;0.26;0.88;2.0;14.0;67.0;14.0;15.0;0.98
0.4;0.47;1.01;10.0;32.0;50.0;15.0;20.0;1.67
0.4;0.46;1.24;7.0;25.0;57.0;17.0;13.0;1.77
0.38;0.44;1.6;4.0;26.0;60.0;18.0;8.0;1.98
0.39;0.52;1.31;5.0;26.0;54.0;21.0;14.0;1.74
0.38;0.27;1.45;4.0;26.0;72.0;12.0;8.0;1.97
0.39;0.27;0.88;4.0;20.0;64.0;8.0;8.0;1.07
0.45;0.25;0.91;2.0;17.0;66.0;11.0;9.0;1.01
0.48;0.29;0.94;5.0;28.0;56.0;10.0;10.0;1.37
0.52;0.28;1.03;7.0;27.0;50.0;10.0;10.0;1.59
0.44;0.28;1.38;12.0;27.0;36.0;12.0;12.0;2.06
0.52;0.27;0.9;4.0;21.0;44.0;10.0;11.0;1.3
0.45;0.25;0.97;7.0;29.0;34.0;7.0;10.0;1.41
0.66;0.43;0.98;7.0;23.0;31.0;12.0;16.0;1.24
0.58;0.28;0.88;2.0;21.0;41.0;9.0;9.0;1.13
0.44;0.25;1.32;7.0;24.0;44.0;5.0;10.0;1.57
0.39;0.28;1.01;10.0;29.0;36.0;7.0;13.0;1.63
0.37;0.24;1.05;10.0;21.0;44.0;7.0;10.0;1.18
0.36;0.35;0.95;4.0;19.0;53.0;9.0;12.0;1.33
0.38;0.26;0.96;8.0;30.0;38.0;5.0;9.0;1.48
0.37;0.27;0.9;5.0;19.0;40.0;7.0;11.0;1.19
0.4;0.23;1.01;4.0;19.0;35.0;8.0;10.0;1.35
0.54;0.18;1.17;7.0;19.0;50.0;7.0;9.0;1.41
0.35;0.18;0.88;6.0;18.0;51.0;7.0;9.0;1.01
0.39;0.23;0.99;7.0;19.0;40.0;9.0;11.0;1.17
0.37;0.33;0.99;9.0;22.0;36.0;13.0;15.0;2.04
0.42;0.27;1.11;9.0;27.0;29.0;9.0;11.0;2.35
0.41;0.16;0.86;3.0;13.0;50.0;8.0;12.0;0.93
0.51;0.22;0.87;2.0;16.0;46.0;10.0;14.0;0.97
0.43;0.23;0.94;9.0;20.0;28.0;10.0;13.0;1.53
0.35;0.14;0.87;4.0;12.0;37.0;5.0;10.0;0.96
0.41;0.32;0.95;7.0;24.0;34.0;21.0;20.0;1.5
0.37;0.28;0.97;5.0;23.0;31.0;18.0;15.0;1.21
0.41;0.15;0.88;3.0;15.0;50.0;7.0;10.0;0.99
0.49;0.21;0.87;2.0;14.0;60.0;16.0;11.0;1.06
0.7;0.58;0.96;3.0;22.0;49.0;25.0;14.0;1.45
0.39;0.47;1.13;13.0;26.0;47.0;17.0;13.0;1.98
0.39;0.27;0.89;4.0;23.0;47.0;13.0;12.0;1.22
0.39;0.19;0.86;5.0;17.0;40.0;8.0;11.0;1.0
0.37;0.22;0.94;6.0;21.0;33.0;10.0;11.0;1.3
0.35;0.35;0.92;5.0;20.0;39.0;12.0;13.0;1.2
0.45;0.34;0.99;3.0;17.0;41.0;13.0;6.0;1.34
0.44;0.36;0.96;3.0;20.0;41.0;11.5;5.0;1.39
0.44;0.39;0.92;3.0;23.0;41.0;10.0;4.0;1.44
0.4;0.28;1.17;8.0;25.0;39.0;8.0;6.0;1.63
0.42;0.24;0.93;4.0;19.0;52.0;7.0;4.0;1.18
0.36;0.22;1.12;6.0;27.0;38.0;10.0;3.0;1.52
0.4;0.22;1.37;9.0;17.0;50.0;9.0;4.0;1.86
0.35;0.19;0.89;3.0;20.0;54.0;10.0;4.0;1.21
0.36;0.21;0.87;3.0;14.0;49.0;8.0;3.0;1.11
0.35;0.34;0.86;2.0;16.0;51.0;12.0;6.0;1.01
0.37;0.33;0.89;7.0;20.0;57.0;14.0;7.0;1.59
0.37;0.22;0.95;3.0;17.0;76.0;13.0;4.0;1.44
0.38;0.3;1.06;6.0;34.0;42.0;15.0;6.0;2.27
0.36;0.21;0.95;8.0;20.0;55.0;11.0;5.0;1.47
0.36;0.22;0.88;5.0;23.0;53.0;13.0;3.0;1.44
0.36;0.27;0.85;3.0;19.0;55.0;12.0;5.0;1.11
0.37;0.19;0.87;2.0;13.0;63.0;13.0;4.0;1.01
0.37;0.16;0.85;4.0;14.0;50.0;10.0;4.0;0.95
0.36;0.17;0.99;4.0;20.0;30.0;6.0;4.0;2.07
0.41;0.2;0.99;11.0;16.0;30.0;8.0;4.0;1.88
0.41;0.2;0.9;3.0;19.0;46.0;7.0;4.0;1.23
0.37;0.28;0.9;9.0;31.0;35.0;10.0;4.0;1.67
0.36;0.23;0.9;9.0;19.0;19.0;8.0;4.0;1.38
0.35;0.18;0.85;4.0;12.0;33.0;6.0;5.0;0.97
0.38;0.38;0.87;6.0;19.0;36.0;12.0;11.0;1.38
0.38;0.25;0.97;5.0;26.0;37.0;14.0;4.0;1.38
0.99;0.2;1.4;5.0;17.0;34.0;9.0;4.0;2.87
0.99;0.24;1.41;8.0;21.0;28.0;13.0;3.0;2.87
1.6;0.23;1.4;8.0;26.0;26.0;12.0;5.0;4.35
1.6;0.26;1.84;5.0;18.0;30.0;10.0;6.0;4.35
1.37;0.27;1.07;4.0;17.0;44.0;15.0;8.0;2.77
1.45;0.29;1.94;11.0;20.0;34.0;14.0;9.0;4.69
0.67;0.18;1.11;3.0;16.0;42.0;8.0;5.0;2.82
0.85;0.17;1.3;5.0;15.0;35.0;6.0;5.0;3.36
0.97;0.51;2.63;4.0;22.0;37.0;12.0;9.0;4.98
1.71;0.82;5.32;18.0;34.0;37.0;18.0;15.0;8.2
2.67;0.45;1.01;3.0;23.0;57.0;31.0;20.0;3.28
0.89;0.44;0.9;2.0;20.0;52.0;17.0;7.0;2.64
1.67;0.3;2.9;9.0;23.0;57.0;21.0;6.0;5.87
0.7;0.15;0.56;4.0;12.0;54.0;8.0;4.0;2.07
1.15;0.18;1.24;5.0;14.0;40.0;8.0;4.0;3.62
0.97;0.15;1.27;6.0;19.0;38.0;6.0;4.0;3.35
1.04;0.19;2.07;13.0;21.0;32.0;9.0;4.0;4.44
0.23;0.48;0.5;7.0;23.0;38.0;12.0;10.0;1.08
0.31;0.29;0.49;5.0;14.0;38.0;11.0;5.0;0.91
0.14;0.15;0.18;4.0;11.0;45.0;5.0;4.0;0.43
0.12;0.14;0.25;5.0;12.0;37.0;6.0;4.0;0.69
0.07;0.17;0.14;2.0;9.0;47.0;6.0;4.0;0.35
0.18;0.26;0.3;3.0;14.0;44.0;9.0;5.0;0.7
0.11;0.15;0.2;3.0;14.0;41.0;5.0;4.0;0.47
0.22;0.17;0.3;8.0;13.0;34.0;7.0;4.0;0.74
0.21;0.2;0.28;6.0;13.0;41.0;9.0;5.0;0.71
0.19;0.2;0.53;7.0;16.0;44.0;10.0;5.0;1.19
0.14;0.2;0.41;3.0;16.0;47.0;13.0;6.0;1.05
0.17;0.2;0.46;3.0;18.0;50.0;13.0;4.0;1.15
0.23;0.19;0.33;3.0;16.0;52.0;11.0;5.0;0.8
0.33;0.31;0.34;4.0;19.0;40.0;8.0;8.0;0.8
0.4;0.29;0.13;2.0;12.0;54.0;8.0;6.0;0.4
0.44;0.69;0.25;5.0;26.0;40.0;13.0;13.0;0.65
0.69;0.75;1.01;16.0;23.0;41.0;14.0;10.0;2.34
0.47;0.42;0.44;6.0;23.0;58.0;16.0;8.0;1.25
0.42;0.34;0.32;4.0;18.0;48.0;12.0;7.0;0.72
0.52;0.43;0.52;6.0;24.0;36.0;10.0;9.0;1.25
0.37;0.36;0.66;12.0;21.0;37.0;12.0;6.0;1.56
0.38;0.35;0.44;7.0;17.0;42.0;11.0;8.0;1.12
0.34;0.38;0.36;4.0;20.0;51.0;14.0;10.0;1.03
0.42;0.38;0.55;7.0;25.0;57.0;10.0;5.0;1.67
0.46;0.39;2.06;18.0;26.0;58.0;11.0;7.0;1.69
0.48;0.44;0.68;7.0;33.0;57.0;12.0;9.0;1.29
0.5;0.39;1.09;7.0;33.0;44.0;11.0;7.0;1.6
0.35;0.33;0.74;4.0;26.0;47.0;9.0;7.0;1.39
0.49;0.63;0.8;11.0;25.0;40.0;12.0;12.0;1.85
0.36;0.42;0.21;3.0;18.0;51.0;13.0;15.0;0.56
0.3;0.37;0.69;7.0;22.0;48.0;12.0;8.0;1.42
0.47;0.74;1.44;10.0;35.0;27.0;19.0;27.0;2.64
0.71;0.61;1.04;14.0;36.0;33.0;20.0;14.0;2.14
0.6;0.47;1.35;5.0;25.0;51.0;16.0;11.0;2.33
0.29;0.3;0.58;6.0;19.0;41.0;9.0;7.0;1.34
0.33;0.51;0.5;5.0;24.0;41.0;10.0;10.0;1.23
0.56;0.42;0.37;3.0;23.0;42.0;17.0;12.0;0.99
0.82;0.5;1.26;18.0;39.0;31.0;21.0;16.0;2.33
0.71;0.44;1.23;18.0;32.0;32.0;17.0;14.0;2.03
0.65;0.48;0.86;11.0;34.0;37.0;15.0;17.0;1.72
1.06;0.42;1.08;18.0;34.0;32.0;20.0;15.0;2.36
0.6;0.38;0.85;11.0;25.0;28.0;14.0;15.0;1.59
0.72;0.39;0.47;8.0;22.0;31.0;12.0;12.0;1.03
0.28;0.36;0.22;4.0;16.0;27.0;11.0;10.0;0.54
0.17;0.25;0.23;3.0;13.0;56.0;4.0;6.0;0.65
0.43;0.3;0.52;19.0;26.0;41.0;10.0;7.0;1.2
0.69;0.54;1.8;32.0;40.0;20.0;20.0;14.0;3.61
0.77;0.45;1.15;21.0;39.0;46.0;19.0;15.0;2.51
0.6;0.42;0.54;4.0;26.0;56.0;21.0;11.0;1.32
0.32;0.33;0.34;3.0;16.0;72.0;14.0;9.0;0.8
0.31;0.42;0.23;2.0;16.0;80.0;14.0;9.0;0.58
0.28;0.34;0.25;3.5;20.5;67.5;11.0;7.5;0.66
0.24;0.26;0.27;5.0;25.0;55.0;8.0;6.0;0.75
0.65;0.43;1.54;21.0;31.0;35.0;11.0;7.0;2.59
0.63;0.43;2.13;32.0;36.0;27.0;15.0;9.0;2.95
1.02;0.82;3.51;62.0;49.0;15.0;23.0;13.0;5.81
0.77;0.4;2.38;27.0;43.0;36.0;18.0;15.0;2.56
0.51;0.37;0.91;10.0;26.0;35.0;15.0;8.0;1.58
0.39;0.3;0.69;15.0;22.0;39.0;7.0;7.0;1.39
0.62;0.35;1.23;22.0;30.0;24.0;11.0;9.0;2.45
0.86;0.71;2.48;27.0;33.0;17.0;18.0;11.0;4.15
1.48;0.55;5.68;78.0;55.0;20.0;18.0;8.0;9.18
1.29;0.4;4.81;26.0;43.0;25.0;15.0;8.0;6.44
0.51;0.28;1.42;9.0;17.0;47.0;9.0;5.0;3.09
0.51;0.29;2.01;15.0;24.0;43.0;8.0;4.0;3.73
0.38;0.28;0.82;7.0;19.0;51.0;5.0;6.0;1.96
0.65;0.37;2.12;21.0;32.0;23.0;10.0;9.0;4.0
0.86;0.49;2.91;25.0;31.0;26.0;14.0;8.0;5.89
0.72;0.46;2.67;20.0;30.0;25.0;17.0;15.0;4.65
0.73;0.34;1.83;8.0;35.0;31.0;12.0;7.0;3.85
1.34;0.44;2.39;20.0;36.0;25.0;19.0;7.0;5.05
0.63;0.37;1.45;10.0;26.0;36.0;18.0;6.0;3.56
0.57;0.38;0.82;7.0;20.0;37.0;21.0;7.0;2.34
0.43;0.29;0.63;5.0;25.0;56.0;15.0;5.0;2.12
0.64;0.34;1.93;28.0;30.0;29.0;13.0;6.0;4.09
0.72;0.4;3.1;27.0;34.0;21.0;16.0;7.0;6.61
0.97;0.5;3.73;53.0;34.0;19.0;21.0;14.0;6.56
0.88;0.44;2.86;30.0;30.0;20.0;18.0;9.0;4.42
0.42;0.28;0.59;7.0;23.0;53.0;4.0;4.0;1.46
0.45;0.31;0.68;6.0;23.0;49.0;7.0;3.0;1.52
0.74;0.4;1.5;26.0;40.0;28.0;9.0;6.0;2.79
1.13;0.63;3.41;59.0;44.0;19.0;16.0;9.0;5.05
0.81;0.61;1.89;30.0;38.0;19.0;12.0;11.0;3.39
0.56;0.51;1.41;12.0;34.0;23.0;10.0;9.0;2.35
0.48;0.45;1.43;10.0;31.0;34.0;7.0;5.0;2.63
0.82;0.48;1.13;12.0;25.0;22.0;12.0;7.0;2.24
0.96;0.56;1.07;15.0;26.0;19.0;13.0;14.0;2.49
0.72;0.51;0.99;19.0;33.0;36.0;7.0;6.0;2.3
0.55;0.5;1.59;28.0;33.0;40.0;9.0;8.0;2.83
0.72;0.44;1.73;32.0;38.0;41.0;12.0;5.0;3.15
1.08;0.55;3.47;54.0;41.0;27.0;17.0;8.0;5.48
0.6;0.43;1.52;23.0;33.0;40.0;8.0;6.0;2.68
1.19;0.56;3.22;40.0;38.0;32.0;14.0;4.0;5.15
1.18;0.57;3.61;34.0;39.0;15.0;15.0;4.0;5.85
1.07;0.62;3.06;69.0;40.0;18.0;17.0;8.0;5.0
1.26;0.68;4.68;80.0;35.0;12.0;21.0;7.0;7.2
1.86;1.13;8.2;119.0;46.0;7.0;29.0;17.0;10.41
2.01;0.9;10.66;141.0;51.0;11.0;36.0;8.0;11.65
2.1;0.85;9.44;138.0;53.0;8.0;35.0;14.0;11.65
1.81;0.65;8.19;98.0;42.0;13.0;29.0;5.0;11.16
1.13;0.48;3.43;32.0;27.0;12.0;22.0;7.0;5.19
0.92;0.53;2.25;38.0;27.0;26.0;14.0;6.0;4.22
0.71;0.4;0.95;13.0;29.0;34.0;13.0;4.0;2.18
1.39;0.64;4.66;81.0;41.0;9.0;22.0;7.0;6.82
1.13;0.53;3.78;65.0;42.0;21.0;16.0;6.0;6.19
1.99;0.64;4.97;62.0;52.0;15.0;19.0;11.0;6.91
1.74;0.58;2.71;28.0;37.0;27.0;15.0;25.0;4.47
1.15;0.4;1.31;15.0;34.0;38.0;9.0;8.0;2.41
1.79;0.51;4.32;51.0;46.0;32.0;14.0;9.0;5.22
2.56;0.66;6.43;98.0;53.0;12.0;26.0;21.0;8.97
4.18;0.93;11.9;163.0;58.0;12.0;38.0;28.0;13.32
2.83;0.66;7.83;101.0;55.0;30.0;30.0;10.0;9.88
2.7;0.65;8.16;86.0;59.0;20.0;22.0;20.0;9.38
3.0;0.73;7.82;88.0;56.5;16.0;25.5;20.5;9.72
3.3;0.81;7.49;90.0;54.0;12.0;29.0;21.0;10.05
3.6;0.95;9.39;98.0;54.0;11.0;26.0;26.0;11.82
3.23;0.8;10.82;129.0;52.0;11.0;22.0;11.0;13.14
2.17;0.55;5.28;89.0;32.0;12.0;17.0;16.0;6.82
2.46;0.58;7.46;88.0;42.0;13.0;19.0;16.0;9.23
2.65;0.57;6.69;67.0;36.0;18.0;21.0;11.0;8.85
1.91;0.52;5.42;58.0;45.0;22.0;17.0;12.0;8.64
1.95;0.55;5.42;61.0;50.0;17.0;20.0;17.0;8.03
1.47;0.41;2.76;26.0;37.0;26.0;17.0;15.0;4.83
2.39;0.53;6.43;91.0;50.0;14.0;26.0;12.0;9.02
3.75;0.75;9.8;147.0;62.0;10.0;42.0;25.0;12.17
2.55;0.51;4.84;55.0;52.0;17.0;26.0;24.0;7.68
0.71;0.34;1.56;16.0;39.0;48.0;9.0;9.0;2.59
1.18;0.43;2.99;52.0;55.0;31.0;15.0;11.0;4.51
1.49;0.42;4.37;44.0;41.0;25.0;14.0;9.0;6.81
0.73;0.3;1.49;9.0;32.0;48.0;7.0;10.0;2.67
2.27;0.54;7.64;95.0;64.0;15.0;22.0;19.0;9.21
1.27;0.32;4.37;46.0;38.0;43.0;14.0;7.0;4.34
1.55;0.41;4.31;46.0;52.0;29.0;14.0;12.0;6.18
3.03;0.74;9.77;158.0;76.0;15.0;28.0;22.0;11.92
4.96;1.25;19.77;309.0;96.0;14.0;45.0;20.0;21.79
3.22;0.74;10.6;126.0;55.0;14.0;29.0;14.0;13.27
2.68;0.61;6.62;86.0;42.0;11.0;27.0;20.0;8.46
3.36;0.8;10.89;145.0;50.0;11.0;36.0;20.0;10.36
2.89;0.83;6.86;83.0;35.0;13.0;37.0;14.0;8.15
4.09;0.9;11.11;221.0;64.0;11.0;47.0;20.0;14.01
3.25;0.61;9.13;135.0;58.0;13.0;35.0;26.0;10.97
2.72;0.55;8.31;85.0;56.0;12.0;35.0;30.0;9.75
2.09;0.38;5.04;44.0;40.0;20.0;27.0;7.0;6.78
1.74;0.36;3.42;47.0;32.0;21.0;30.0;8.0;5.02
2.43;0.66;4.28;92.92;41.54;13.45;38.12;11.0;6.3
1.68;0.36;1.92;43.17;28.0;23.87;32.98;6.92;3.61
0.72;0.16;0.93;10.0;32.71;34.0;16.64;6.0;1.96
1.68;0.34;4.97;86.14;50.23;20.31;25.53;5.23;7.13
2.03;0.56;5.35;151.0;61.29;13.41;41.47;8.75;7.06
2.4;0.8;5.22;118.37;58.04;13.33;52.04;16.08;6.42
1.8;0.48;4.52;77.0;47.5;17.95;40.13;11.04;5.23
1.95;0.44;4.04;69.83;45.5;17.87;41.95;10.0;5.03
2.18;0.46;5.47;98.67;54.17;16.16;34.36;11.38;6.76
1.8;0.36;4.16;69.04;57.12;12.37;20.54;8.75;6.0
1.52;0.26;3.82;44.21;47.42;23.75;14.86;4.92;5.46
2.02;0.5;4.78;123.04;63.38;10.79;32.33;7.96;7.46
2.21;0.37;4.29;37.96;49.88;16.37;22.88;13.21;5.55
1.97;0.35;3.13;33.88;43.08;21.62;17.9;14.83;4.51
1.27;0.28;3.47;40.25;45.71;25.33;14.21;12.0;5.19
2.16;0.45;6.1;104.87;51.08;14.29;27.17;13.33;7.67
1.54;0.35;3.63;54.67;45.25;22.41;21.88;15.29;5.38
1.27;0.28;2.32;38.86;49.24;29.19;9.12;7.95;4.01
1.27;0.29;3.61;38.62;54.38;18.0;14.52;11.5;4.28
1.32;0.28;2.66;29.75;48.54;20.75;12.48;5.88;3.6
0.46;0.18;0.95;6.21;26.75;51.66;4.25;5.62;1.55
0.96;0.28;2.17;36.83;50.71;28.91;11.35;7.92;3.11
1.18;0.42;1.58;18.35;47.65;34.6;9.68;17.48;2.43
0.44;0.39;0.7;10.75;27.46;61.33;4.72;22.79;1.38
0.4;0.42;0.88;12.92;31.0;50.83;5.29;35.0;1.59
1.2;0.5;4.14;20.04;45.83;33.45;10.66;36.38;4.44
1.68;0.55;3.69;31.58;37.88;22.08;15.95;28.71;5.52
0.63;0.37;0.55;6.5;22.96;61.41;7.89;23.54;1.31
0.67;0.41;1.2;14.17;36.33;49.83;8.02;16.79;2.15
0.8;0.42;1.64;16.33;36.25;47.04;8.8;8.0;2.49
1.42;0.46;3.78;57.3;59.0;34.18;13.19;5.22;5.4
0.99;0.34;3.25;52.12;45.71;32.7;9.19;3.71;4.66
0.51;0.17;1.06;15.58;34.04;65.66;6.24;4.21;1.9
0.56;0.22;0.72;12.71;35.46;51.66;9.75;6.0;1.54
1.04;0.3;1.59;26.67;40.58;36.12;14.21;7.75;2.69
1.9;0.63;7.39;120.91;71.04;15.45;27.91;21.71;8.19
1.53;0.45;6.34;83.12;51.58;19.58;18.2;13.58;8.45
1.4;0.46;4.5;60.83;47.33;15.95;21.1;16.5;6.55
1.16;0.32;2.85;44.62;46.08;28.41;18.07;6.62;4.88
2.19;0.76;7.97;97.46;59.58;16.12;23.75;38.42;11.22
2.04;0.68;5.73;58.12;48.38;27.87;15.38;27.88;10.5
0.72;0.43;1.41;7.67;25.83;60.62;6.11;1.0;3.25
1.22;0.5;2.27;28.54;42.88;37.79;12.35;1.83;5.05
2.65;0.73;4.12;63.18;49.14;21.4;25.62;18.91;7.78
3.84;0.87;6.6;96.17;56.12;22.0;27.17;40.38;12.6
2.85;1.14;13.13;116.79;64.62;19.75;36.05;44.92;13.74
3.96;0.99;11.45;170.41;73.62;22.12;41.43;41.25;17.65
3.2;1.1;7.8;97.58;64.5;20.87;45.5;49.12;15.85
2.62;0.74;3.9;37.5;49.38;31.87;32.85;35.5;9.05
1.36;0.36;1.37;8.88;46.25;39.37;13.95;8.0;3.62
0.82;0.31;2.4;49.25;45.92;29.5;12.35;5.33;3.83
1.41;0.68;4.37;71.54;49.92;19.37;22.4;14.21;6.68
1.28;0.62;4.05;111.3;61.65;21.45;30.3;9.6;7.24
1.62;0.84;5.83;122.08;69.54;20.0;37.4;17.54;8.88
1.59;0.53;4.18;54.58;53.5;27.0;34.49;9.25;7.77
0.84;0.68;1.43;44.5;47.75;25.62;33.76;18.71;3.48
0.17;0.44;0.34;23.33;44.46;29.79;25.48;18.46;0.6
0.1;0.48;0.24;28.75;43.54;30.12;19.85;15.17;0.44
0.11;0.36;0.12;9.96;27.96;41.58;19.8;11.17;0.25
0.11;0.22;0.12;6.25;23.71;67.54;11.48;4.12;0.25
0.49;0.35;0.76;20.58;32.75;43.83;27.73;7.0;1.52
0.49;0.19;0.7;7.83;24.83;57.29;8.15;5.25;1.53
0.49;0.3;0.76;24.38;39.33;43.41;9.06;6.21;1.52
0.87;0.26;1.4;19.25;37.92;43.0;9.4;5.96;2.82
0.87;0.29;1.4;9.83;29.83;27.33;11.31;10.08;2.82
0.65;0.23;0.12;3.96;17.46;43.7;11.87;9.08;1.31
0.8;0.22;0.98;13.79;31.21;48.0;8.75;5.88;2.6
1.07;0.3;1.83;28.86;31.18;39.63;11.44;8.91;3.95
0.74;0.25;0.34;10.29;27.67;55.66;6.59;5.96;1.86
0.66;0.22;0.35;11.12;23.96;57.45;6.37;4.79;1.8
1.26;0.3;1.45;18.0;40.33;39.45;12.48;5.79;4.07
1.52;0.33;1.83;22.21;28.04;41.66;16.73;5.88;3.95
0.6;0.21;0.22;3.62;19.54;65.91;7.19;4.67;1.35
0.88;0.26;0.38;9.33;28.96;51.37;8.28;7.88;2.05
0.92;0.36;0.95;15.58;43.25;43.12;9.32;7.46;2.8
0.82;0.25;1.12;9.71;33.12;44.62;9.01;5.29;4.08
0.94;0.27;0.91;18.96;37.96;44.45;13.17;8.54;4.63
1.44;0.56;2.29;31.92;50.54;33.04;20.89;16.08;5.28
1.15;0.56;1.47;15.21;43.38;39.29;22.62;15.25;3.62
0.9;0.35;0.89;9.33;27.58;53.75;18.72;7.79;2.64
0.59;0.19;0.22;2.71;22.25;63.0;12.52;3.67;2.68
0.61;0.2;1.08;5.57;24.22;64.13;10.26;3.13;2.08
0.82;0.27;0.78;12.08;29.62;52.7;15.6;8.46;3.0
0.88;0.27;0.91;10.83;33.5;47.58;16.08;5.33;2.52
0.8;0.4;1.37;5.38;34.92;48.16;18.94;4.17;3.12
1.09;0.53;1.76;11.71;43.96;38.33;21.06;11.75;4.49
0.82;0.32;0.72;5.54;33.88;48.08;16.08;5.21;2.75
1.09;0.53;1.71;17.46;42.75;40.83;17.98;10.42;4.18
0.85;0.33;1.11;15.54;32.25;50.0;14.39;6.96;2.56
0.59;0.22;0.16;8.83;24.88;64.25;3.64;4.71;1.07
0.88;0.26;1.02;15.33;41.25;46.5;7.71;5.25;2.6
0.94;0.26;0.7;14.08;35.46;45.91;7.89;6.17;2.41
1.08;0.29;0.7;11.83;30.54;44.0;9.88;6.54;2.49
0.62;0.23;0.25;4.5;23.12;62.54;6.2;5.21;1.19
0.91;0.27;0.62;15.67;33.92;45.5;8.45;5.12;2.39
1.17;0.34;1.89;14.42;30.08;45.66;7.76;8.71;4.22
0.68;0.26;0.26;7.73;28.0;57.0;6.67;4.73;1.36
0.9;0.34;0.79;15.21;39.17;33.54;12.65;4.75;2.58
1.12;0.49;1.32;18.62;39.29;37.04;18.07;6.08;3.8
1.08;0.53;2.18;13.08;41.46;38.5;19.46;10.33;3.71
0.8;0.34;2.39;5.0;27.83;30.2;14.04;11.58;2.37
0.9;0.29;2.14;22.46;25.42;36.2;10.83;6.92;3.24
0.9;0.31;2.14;11.54;30.83;40.12;8.88;6.42;3.24
0.99;0.32;1.89;18.62;31.67;49.83;13.04;8.25;4.11
0.52;0.2;0.45;3.25;19.17;57.54;8.1;5.88;1.79
0.31;0.33;1.0;4.58;22.42;60.95;9.06;5.04;1.75
0.84;0.59;1.53;12.25;34.62;44.75;16.99;9.25;3.09
0.68;0.39;0.71;2.67;23.29;64.95;15.64;7.5;1.42
0.74;0.39;0.58;9.12;31.5;55.33;14.56;10.08;2.27
0.6;0.38;0.24;5.65;26.91;57.77;6.67;5.91;1.34
0.62;0.62;0.85;9.71;24.33;50.7;7.67;7.5;2.09
0.59;0.6;0.6;14.0;27.25;55.2;7.58;9.62;2.11
0.43;0.56;0.3;6.54;22.12;58.83;7.32;6.21;1.2
0.6;0.56;0.9;4.25;18.75;52.75;8.84;5.25;1.14
0.24;0.54;0.17;2.17;12.42;62.2;7.5;3.92;0.84
0.97;0.84;0.92;15.25;29.33;38.41;12.44;9.62;2.87
0.74;0.93;0.99;8.71;29.08;39.33;19.15;8.96;4.03
0.61;0.77;0.92;5.6;23.42;49.7;14.04;7.1;2.79
0.48;0.6;0.85;2.5;17.75;60.08;8.93;5.25;1.56
0.55;0.59;0.97;10.46;22.71;49.87;9.01;4.75;2.32
0.43;0.57;0.53;5.88;26.92;57.62;6.93;4.33;1.67
0.4;0.59;0.69;7.08;19.75;52.37;8.45;5.62;1.44
0.15;0.5;0.08;2.04;10.58;68.2;6.85;4.12;0.41
0.99;0.6;0.62;12.04;27.42;46.83;16.08;6.12;2.09
1.05;0.69;2.2;12.45;41.0;32.0;17.11;12.59;3.59
0.32;0.52;0.51;5.75;18.5;63.37;8.15;4.33;1.45
0.97;0.67;1.52;16.88;41.5;32.58;15.43;8.33;3.33
0.79;0.66;2.16;26.92;20.58;33.66;12.83;4.17;3.61
0.32;0.53;0.26;2.88;15.04;54.41;8.45;2.21;0.96
0.26;0.51;0.21;2.17;10.21;56.25;9.88;5.12;0.87
0.33;0.53;0.47;8.42;19.92;57.29;10.88;5.58;1.81
0.61;0.91;1.39;12.08;31.42;46.5;16.21;12.17;2.81
0.94;1.09;2.0;14.17;38.08;41.83;22.75;19.42;3.82
0.55;0.57;0.47;4.04;22.88;63.04;14.21;4.71;1.51
0.48;0.63;0.62;8.79;26.12;58.5;7.19;3.92;1.6
0.37;0.56;0.56;5.21;16.58;54.25;5.85;3.88;1.3
0.3;0.52;0.39;3.0;15.04;59.04;8.02;3.71;0.96
0.77;0.64;1.13;8.12;25.88;46.91;12.87;5.62;2.28
0.57;0.52;1.17;8.92;28.48;43.3;14.98;7.5;2.15
0.38;0.39;1.21;9.71;31.08;39.7;18.76;9.38;2.02
0.31;0.27;0.48;5.04;21.38;51.04;11.27;4.88;1.35
0.34;0.24;0.76;9.29;17.71;48.41;8.45;4.79;1.12
0.23;0.24;0.26;3.33;14.88;52.16;9.62;5.38;0.7
0.3;0.24;0.25;3.08;12.12;46.7;8.15;4.83;0.62
0.29;0.24;0.36;8.88;16.67;44.5;7.84;4.46;0.91
0.29;0.25;0.44;10.46;18.08;43.25;9.06;4.75;0.98
0.47;0.43;0.92;9.83;23.88;37.91;11.14;7.92;1.4
0.38;0.34;0.68;10.15;20.98;40.58;10.1;6.33;1.2
0.68;0.41;1.08;9.03;28.82;46.76;12.26;9.65;1.5
0.98;0.5;1.48;7.92;36.67;52.95;14.43;13.0;1.81
0.82;0.53;0.9;4.79;28.5;43.66;16.55;14.08;1.34
0.4;0.74;0.71;10.38;27.62;32.25;18.76;11.67;1.28
0.36;0.44;0.76;4.88;18.88;51.66;11.7;3.92;2.19
0.25;0.38;0.38;9.82;21.18;47.45;6.39;2.77;0.95
0.33;0.28;0.55;14.29;21.33;47.37;6.93;2.92;1.14
0.2;0.25;0.28;8.96;17.04;67.79;7.89;2.33;0.6
0.32;0.27;0.58;9.33;18.46;45.0;8.62;4.0;1.16
0.2;0.29;0.3;3.21;18.62;50.54;7.63;4.46;0.75
0.29;0.27;0.47;8.17;18.25;51.95;9.23;3.71;0.87
0.19;0.24;0.26;4.42;12.67;64.29;5.46;4.92;0.48
0.28;0.26;0.43;9.46;19.12;56.16;7.76;5.62;0.93
0.51;0.4;1.0;10.54;26.0;42.62;9.49;4.79;1.48
0.47;0.36;1.25;11.0;30.54;37.0;13.13;5.21;1.63
0.28;0.28;0.66;4.54;17.04;57.62;10.53;3.42;0.72
0.19;0.35;0.4;3.5;16.96;54.12;10.7;3.96;0.67
0.48;0.31;0.63;6.17;26.38;42.16;19.07;6.21;1.17
0.68;0.47;1.16;15.48;29.52;37.39;20.04;8.74;2.07
0.45;0.34;0.85;16.0;20.92;43.62;9.66;7.96;1.89
0.16;0.28;0.42;4.42;21.08;50.91;6.67;5.04;0.92
0.13;0.23;0.24;4.96;15.29;48.16;4.9;5.04;0.65
0.52;0.32;0.61;8.96;19.46;41.7;11.53;9.04;1.13
0.45;0.33;0.33;3.21;19.29;43.04;12.83;3.96;1.04
0.55;0.45;0.94;14.33;30.21;21.91;14.6;2.96;2.09
0.42;0.4;1.09;10.08;24.21;32.04;13.04;4.0;1.8
0.26;0.27;0.44;5.21;17.83;53.45;9.36;4.5;1.16
0.37;0.36;0.63;10.29;22.08;50.04;11.4;6.08;1.46
0.21;0.41;0.39;5.92;20.38;52.25;10.49;5.0;1.09
0.25;0.28;0.36;2.96;13.83;51.83;13.52;3.29;0.86
0.13;0.27;0.26;2.38;9.83;47.79;9.97;2.54;0.54
0.14;0.38;0.45;3.15;11.67;48.81;8.12;2.42;0.77
0.15;0.5;0.63;3.92;13.5;49.83;6.28;2.3;1.0
0.16;0.43;0.63;3.95;14.68;49.63;7.99;2.06;1.0
0.2;0.33;1.0;5.5;19.54;43.2;10.92;1.58;1.47
0.24;0.48;1.21;10.12;25.38;39.75;18.85;4.08;2.03
0.11;0.47;0.22;5.71;21.71;65.04;17.12;4.54;0.34
0.26;0.38;0.26;3.62;19.83;56.25;15.77;5.5;0.41
0.29;0.43;0.21;2.25;13.71;60.29;15.64;4.38;0.54
0.17;0.37;0.32;3.5;17.75;63.75;11.92;3.75;0.94
0.49;0.4;0.59;6.67;21.46;58.62;12.74;7.58;1.41
0.3;0.56;0.96;6.08;24.71;55.29;17.07;15.0;2.0
0.55;0.7;1.37;11.54;29.12;53.41;19.02;17.67;2.88
0.23;0.4;0.51;4.42;18.5;70.83;12.65;7.92;1.4
0.11;0.29;0.22;2.5;10.71;65.75;7.41;4.88;0.63
0.12;0.36;0.28;2.29;11.67;60.62;9.14;10.29;0.55
0.2;0.32;0.5;5.12;17.0;66.87;13.04;8.46;1.38
0.2;0.33;0.88;6.83;19.04;60.5;9.92;5.33;1.31
0.2;0.32;0.73;4.71;22.96;54.04;9.88;3.0;1.5
0.67;0.41;0.81;7.65;18.35;40.18;12.01;11.77;1.39
0.34;0.65;1.21;10.04;22.17;41.29;13.69;14.0;1.61
0.4;0.36;0.45;3.0;16.04;39.75;11.18;5.88;1.07
0.14;0.3;0.26;2.25;10.67;37.58;6.93;4.83;0.68
0.13;0.33;1.74;3.42;13.12;38.91;11.31;2.96;1.18
0.44;0.49;0.85;7.83;22.29;37.5;18.81;5.21;1.73
0.53;0.77;2.2;5.67;26.29;45.95;18.72;16.29;2.11
0.41;0.5;2.29;10.5;20.33;39.87;14.47;9.62;3.07
0.21;0.31;0.71;6.83;17.62;39.7;6.67;5.21;1.01
0.21;0.33;0.48;4.12;12.88;44.0;5.76;14.04;0.83
0.23;0.43;0.43;4.62;14.38;43.45;8.45;25.92;0.96
0.36;0.35;0.67;11.58;14.12;48.33;8.41;9.17;1.4
0.28;0.41;0.66;6.3;16.57;57.78;7.42;20.91;1.01
0.3;0.45;0.75;10.46;16.88;50.26;9.49;29.5;1.35
0.2;0.48;1.49;5.5;17.42;55.7;8.49;12.92;1.36
0.37;0.51;1.21;11.96;19.71;46.33;11.7;4.33;1.8
0.47;0.52;1.17;3.42;20.25;46.5;17.51;9.17;1.58
0.56;0.38;0.78;2.29;15.12;48.54;16.99;5.21;1.14
0.48;0.59;2.49;7.62;23.17;45.33;15.56;19.08;1.52
0.48;0.37;0.7;7.75;20.88;34.83;11.57;5.71;1.7
0.49;0.45;0.98;14.96;21.0;31.16;10.88;6.54;2.19
0.59;0.43;3.1;14.96;18.46;26.12;8.62;11.71;2.04
0.4;0.4;2.29;7.5;23.88;37.87;12.31;5.29;1.76
0.4;0.38;2.28;4.38;17.29;52.79;9.01;7.75;1.7
0.35;0.31;1.46;3.17;11.83;55.41;7.58;2.08;1.57
0.35;0.4;1.46;6.83;16.94;48.83;8.95;5.56;1.58
0.31;0.49;0.63;10.5;22.04;42.25;10.31;9.04;1.46
0.35;0.51;0.72;10.04;17.38;42.66;8.88;11.88;1.39
0.34;0.59;0.57;9.31;20.56;41.28;10.36;9.02;1.3
0.34;0.59;0.58;9.31;20.56;41.28;10.36;9.02;1.16
0.34;0.67;0.57;8.58;23.75;39.91;11.83;6.17;1.16
0.33;0.48;0.43;3.71;15.42;43.62;6.98;4.33;1.01
0.26;0.39;0.3;6.17;16.67;50.87;6.93;4.33;0.67
0.2;0.28;0.26;3.25;14.29;50.5;6.72;1.96;0.74
0.24;0.32;0.6;7.29;16.79;54.12;8.93;4.83;1.26
0.26;0.35;0.66;5.42;24.04;56.54;11.27;5.29;1.33
0.52;0.72;2.17;15.88;44.92;47.54;15.82;10.42;2.97
0.41;0.38;0.7;3.08;17.88;70.91;16.47;5.42;1.3
0.19;0.37;0.2;2.29;12.71;63.08;12.35;4.08;0.57
0.28;0.4;0.48;4.33;21.58;49.54;13.87;3.08;1.13
0.54;0.44;0.54;4.08;22.58;49.66;15.73;6.17;1.6
0.37;0.35;0.44;4.61;18.65;48.56;11.53;3.35;1.44
0.29;0.41;0.52;3.88;22.12;55.29;11.66;4.79;1.42
0.29;0.33;0.63;6.08;18.79;40.2;11.48;3.71;1.93
0.35;0.38;0.36;3.62;17.58;45.08;11.66;5.46;1.22
0.24;0.31;0.21;2.54;12.08;54.91;6.46;4.04;0.55
0.15;0.32;0.21;3.38;14.29;55.37;5.68;3.75;0.82
0.35;0.32;0.97;9.83;24.83;46.12;9.32;4.5;1.74
0.4;0.37;1.07;10.46;21.54;53.87;10.62;5.58;1.82
0.27;0.31;0.35;4.88;17.04;53.83;6.41;4.46;2.0
0.33;0.31;0.65;10.38;23.67;43.33;7.71;3.92;2.04
0.38;0.34;0.81;6.58;21.38;48.83;8.02;6.21;1.41
0.46;0.31;0.74;4.58;15.96;43.62;8.1;5.17;1.21
0.48;0.31;0.25;3.33;12.25;57.29;7.79;4.17;1.12
0.32;0.32;0.36;8.59;18.55;45.86;7.79;3.68;1.15
0.43;0.3;0.45;9.33;22.79;42.62;7.84;3.92;1.47
0.66;0.33;1.14;15.88;21.83;40.2;10.66;7.0;2.16
0.34;0.3;0.63;9.42;22.67;48.16;11.01;6.0;1.88
0.35;0.35;0.59;3.21;18.12;53.87;14.52;6.42;1.43
0.45;0.47;0.25;2.33;16.17;57.08;20.54;7.62;0.92
0.56;0.54;0.95;6.33;30.92;46.41;21.1;13.04;2.0
0.53;0.51;1.75;6.62;30.04;41.33;15.21;7.12;3.01
0.46;0.34;1.03;8.71;19.58;48.0;9.58;4.67;2.04
0.27;0.31;0.45;4.38;21.58;59.08;9.58;4.83;1.35
0.76;0.44;2.36;16.04;28.21;38.33;17.12;5.71;2.48
0.42;0.33;0.51;4.83;19.04;47.75;14.86;5.58;1.36
0.38;0.3;0.58;6.79;18.79;37.37;6.54;5.29;1.46
0.79;0.37;1.41;23.04;30.83;17.2;11.96;6.25;2.76
0.56;0.31;1.08;17.17;24.25;31.33;8.75;2.62;3.03
0.92;0.33;1.86;22.78;29.7;29.86;9.36;4.48;3.96
0.87;0.49;1.67;20.12;30.04;32.58;13.74;8.25;3.07
0.5;0.32;0.79;11.04;24.46;41.83;11.14;5.71;2.27
0.34;0.43;0.61;7.54;27.33;49.25;10.49;7.0;2.03
0.42;0.28;0.67;7.25;19.33;33.75;10.66;3.67;2.09
0.45;0.35;1.01;14.67;21.21;31.66;9.36;6.79;2.18
0.33;0.32;0.68;13.75;19.77;38.72;9.84;5.87;1.65
0.21;0.28;0.35;12.83;18.33;45.79;10.31;4.96;1.11
0.3;0.24;0.44;5.75;17.38;59.87;6.46;4.33;1.36
0.55;0.29;0.99;11.46;26.21;37.29;9.58;4.42;2.18
0.33;0.25;0.48;6.25;27.46;41.0;7.32;3.71;1.89
0.44;0.28;0.73;9.58;22.33;38.08;9.66;4.33;2.34
0.35;0.28;0.8;3.38;17.0;42.04;9.45;3.54;1.58
0.62;0.39;1.86;21.25;34.0;33.04;13.78;6.29;3.33
0.57;0.31;1.8;19.91;27.54;34.59;10.65;7.55;3.13
0.57;0.28;1.8;16.08;26.67;36.29;8.06;4.54;3.13
0.51;0.34;1.75;19.71;28.71;31.33;10.49;6.17;2.93
0.73;0.39;3.04;28.83;28.12;37.5;14.52;5.58;4.53
0.52;0.39;0.95;3.92;21.21;48.83;16.81;3.62;1.68
0.44;0.27;0.52;4.0;16.5;54.33;9.92;5.12;1.46
0.38;0.26;0.49;10.21;27.71;50.7;5.63;3.79;1.61
0.64;0.25;1.55;33.46;37.83;34.91;9.14;3.88;3.57
0.62;0.12;1.78;26.0;39.54;25.62;10.05;4.79;4.04
0.55;0.35;1.58;12.29;29.21;31.08;9.23;4.83;3.26
0.7;0.6;1.63;26.62;37.46;21.79;11.09;6.21;3.39
0.33;0.49;0.49;3.92;22.75;45.29;6.28;3.75;1.43
0.39;0.52;0.44;5.04;21.92;51.2;5.55;4.42;1.42
0.49;0.56;1.3;17.62;31.71;30.66;7.37;5.17;2.23
0.57;0.59;1.59;18.65;29.78;28.52;9.54;8.87;2.25
0.52;0.57;0.91;14.38;36.83;41.2;7.54;5.62;2.28
0.85;0.66;2.64;44.79;38.29;26.04;11.66;5.38;5.14
0.78;0.64;3.42;39.96;30.04;20.66;11.31;6.92;4.33
1.54;0.94;4.67;68.54;40.62;16.75;19.63;8.17;8.15
1.01;0.86;2.46;25.88;36.75;18.29;16.6;14.79;4.37
1.38;0.89;4.23;59.62;46.25;17.54;21.19;16.04;7.16
1.03;0.75;5.32;41.33;41.46;21.62;17.72;9.0;7.12
1.42;0.68;4.56;45.29;38.38;12.41;15.9;7.38;6.99
0.92;0.61;2.93;29.79;31.5;15.55;10.7;10.54;4.29
0.84;0.73;2.49;22.46;25.79;42.1;7.63;10.0;4.5
0.34;0.45;0.54;6.33;17.5;42.1;3.77;2.12;1.42
0.24;0.43;0.59;3.54;10.38;68.66;5.46;4.67;0.94
0.45;0.48;1.26;10.58;19.58;62.04;4.9;6.29;2.58
0.41;0.5;0.55;13.21;23.33;49.5;7.8;5.08;1.39
0.63;0.55;1.36;20.54;32.21;37.87;7.28;5.12;2.55
0.34;0.49;0.7;11.09;22.32;57.09;4.9;5.5;1.52
0.48;0.55;0.84;16.38;33.17;45.37;7.58;3.88;1.91
0.32;0.49;0.48;7.92;23.79;50.41;6.63;4.92;1.14
0.43;0.54;0.53;7.0;23.58;48.87;6.28;7.08;1.32
0.47;0.53;0.89;13.83;30.75;45.12;10.44;5.58;1.47
0.7;0.55;1.13;21.88;39.38;28.45;9.4;6.04;2.29
0.38;0.51;0.78;13.12;28.96;51.75;5.24;4.79;1.64
0.44;0.52;0.5;16.17;30.92;56.08;5.68;8.08;1.21
0.56;0.58;0.61;18.46;35.79;43.66;7.02;4.92;1.55
0.54;0.61;0.67;11.08;29.62;46.79;6.72;7.92;1.71
0.45;0.57;0.87;6.88;25.33;48.91;7.15;4.71;1.55
0.84;0.66;1.22;31.38;39.04;30.75;10.31;6.54;2.86
1.17;0.69;3.83;55.0;42.38;15.66;14.34;14.21;5.05
1.35;0.68;4.12;68.81;46.21;16.08;16.94;22.66;5.54
1.52;0.66;4.41;82.62;50.04;16.5;19.54;31.12;6.04
0.56;0.35;1.07;16.96;28.46;48.87;8.88;13.71;2.22
0.5;0.4;0.61;12.46;28.42;52.29;7.45;9.96;1.44
1.07;0.51;2.14;33.08;41.42;20.5;12.52;8.92;3.83
1.5;0.67;3.94;96.67;43.75;13.12;17.72;8.0;6.93
0.72;0.44;2.05;32.25;32.96;37.58;9.06;13.12;3.42
0.88;0.45;2.54;40.92;46.33;36.7;11.14;7.88;4.01
0.88;0.44;2.54;35.87;46.52;13.82;13.75;6.61;4.01
1.04;0.5;3.04;54.92;40.46;16.58;13.26;5.83;4.61
0.83;0.46;1.55;34.29;37.62;28.75;11.79;4.83;2.81
0.8;0.44;1.21;24.44;32.83;28.68;11.48;4.42;2.31
0.77;0.41;0.88;14.58;28.04;28.62;11.18;4.0;1.8
0.77;0.36;1.37;21.04;37.71;27.37;9.84;4.58;2.86
0.89;0.41;3.06;56.71;38.88;21.37;13.39;7.54;3.19
1.27;0.56;8.6;88.12;43.5;13.04;25.35;17.21;4.92
1.8;0.65;6.4;107.6;44.61;7.74;29.97;19.65;8.42
1.55;0.59;6.67;72.88;31.67;8.83;23.31;9.0;5.65
1.58;0.67;3.58;66.67;36.88;8.96;21.88;11.42;5.24
0.82;0.38;1.12;17.58;33.25;20.79;13.09;6.71;2.24
0.91;0.41;1.66;39.54;35.21;26.54;15.64;8.21;3.49
1.87;0.71;5.96;142.54;46.88;7.5;25.91;19.88;11.61
0.69;0.35;1.56;22.0;31.54;45.5;9.45;10.42;2.41
0.44;0.32;0.67;15.0;32.58;48.7;5.94;4.12;1.38
0.21;0.23;0.4;9.88;21.46;59.12;3.77;6.04;0.8
1.5;0.63;5.14;86.58;58.08;16.7;17.12;11.54;7.31
0.45;0.26;0.54;5.92;28.79;44.66;8.1;4.71;1.33
0.5;0.26;0.56;13.0;39.96;39.79;6.07;4.5;1.33
0.77;0.35;1.95;44.96;42.65;33.17;10.26;8.52;2.58
0.58;0.27;1.27;16.79;28.71;33.41;8.58;4.67;2.18
0.76;0.38;1.65;40.46;46.92;29.16;7.63;4.92;2.84
1.04;0.44;2.54;65.79;56.29;27.66;14.04;8.29;4.01
0.75;0.35;1.56;32.17;30.21;39.91;10.79;6.58;2.91
0.26;0.23;0.4;5.54;18.42;66.75;5.72;6.46;0.68
1.66;0.6;5.05;109.62;57.21;18.08;21.62;11.5;8.55
1.89;0.64;4.99;119.62;41.92;9.96;22.27;10.67;8.06
2.35;0.78;5.84;131.29;36.58;6.75;27.08;8.79;9.02
1.21;0.41;3.53;90.38;46.62;24.62;17.81;9.25;6.19
1.5;0.52;5.18;103.08;47.46;9.54;28.47;10.5;6.37
2.64;0.75;8.28;177.5;53.46;7.83;39.69;16.62;11.52
2.55;0.77;7.48;169.95;51.62;7.46;38.09;15.04;10.71
2.72;0.89;10.64;291.5;65.38;7.12;44.03;16.92;13.1
1.64;0.46;7.17;78.0;46.0;14.0;29.0;13.0;4.98
1.36;0.42;2.5;53.0;32.0;23.0;27.0;10.0;3.68
1.68;0.48;4.94;102.0;44.0;10.0;32.0;11.0;4.85
2.09;0.65;9.57;140.0;48.0;8.0;36.0;17.0;8.37
1.46;0.38;2.2;34.0;37.0;18.0;19.0;6.0;3.29
1.37;0.43;3.04;69.0;36.0;16.0;20.0;8.0;4.52
1.69;0.58;2.98;94.0;33.0;7.0;32.0;13.0;4.87
1.89;0.66;7.3;155.0;51.0;7.0;31.0;15.0;8.17
2.03;0.69;9.38;144.0;56.0;7.0;30.0;20.0;10.49
0.96;0.37;4.63;56.0;41.0;21.0;14.0;13.0;4.37
0.9;0.33;2.34;55.0;49.0;30.0;14.0;9.0;3.0
1.63;0.54;5.0;86.0;44.0;11.0;26.0;15.0;5.08
1.55;0.57;4.58;69.0;42.0;13.0;25.0;19.0;4.65
2.16;0.76;8.01;167.0;57.0;9.0;34.0;36.0;9.34
0.67;0.22;1.63;11.0;23.0;54.0;10.0;9.0;2.31
0.58;0.33;1.91;31.0;34.0;40.0;13.0;2.0;1.96
0.48;0.3;2.18;10.0;28.0;46.0;8.0;6.0;1.6
0.7;0.3;0.98;21.0;35.0;42.0;10.0;7.0;1.66
1.02;0.43;2.12;29.0;43.0;22.0;15.0;8.0;2.85
0.31;0.18;0.26;3.0;13.0;67.0;6.0;4.0;0.48
0.59;0.24;0.6;13.0;29.0;46.0;10.0;4.0;1.13
0.82;0.36;1.43;37.0;43.0;23.0;14.0;5.0;2.34
1.47;0.5;4.87;48.0;50.0;14.0;20.0;8.0;5.13
1.25;0.47;2.91;59.0;38.0;15.0;20.0;3.0;4.13
1.49;0.58;4.11;70.0;42.0;13.0;25.0;15.0;5.1
1.25;0.53;3.05;40.0;37.0;16.0;21.0;9.0;3.67
1.15;0.46;3.3;47.0;41.0;21.0;15.0;11.0;3.97
0.9;0.4;2.29;40.0;45.0;28.0;12.0;9.0;3.35
0.7;0.33;1.89;41.0;40.0;35.0;11.0;7.0;2.96
1.73;0.68;5.42;109.0;44.0;13.0;23.0;17.0;7.31
1.72;0.81;6.59;138.0;49.0;9.0;24.0;2.0;11.16
1.71;0.77;7.59;121.0;43.0;9.0;23.0;16.0;10.92
1.53;0.67;5.59;69.0;42.0;12.0;15.0;13.0;7.49
1.91;0.78;6.93;92.0;41.0;7.0;24.0;9.0;10.14
1.77;0.82;7.4;134.0;49.0;13.0;32.0;17.0;12.04
0.6;0.31;1.91;20.0;33.0;32.0;10.0;2.0;3.36
0.49;0.28;0.84;23.0;33.0;40.0;8.0;5.0;1.61
1.48;0.62;6.55;92.0;48.0;11.0;24.0;9.0;6.08
1.37;0.6;5.08;80.0;46.0;16.0;26.0;15.0;5.47
0.91;0.43;1.97;26.0;36.0;30.0;16.0;7.0;2.81
1.22;0.55;3.21;44.0;37.0;15.0;17.0;12.0;4.56
1.15;0.53;3.55;71.0;40.0;17.0;16.0;7.0;6.0
0.9;0.4;2.0;34.0;35.0;29.0;15.0;8.0;3.24
0.94;0.43;1.71;38.0;39.0;25.0;16.0;20.0;2.45
0.73;0.45;11.73;41.0;33.0;35.0;12.0;4.0;2.41
0.99;0.57;3.36;65.0;44.0;22.0;14.0;2.0;3.74
1.02;0.61;3.38;41.0;43.0;17.0;16.0;2.0;3.56
1.58;0.65;6.03;82.0;53.0;18.0;22.0;2.0;9.34
0.44;0.31;0.7;15.0;39.0;46.0;7.0;3.0;1.4
0.69;0.39;7.01;34.0;43.0;29.0;11.0;7.0;3.81
0.84;0.53;2.92;41.0;48.0;27.0;14.0;10.0;3.02
0.87;0.48;2.42;40.0;39.0;33.0;17.0;5.0;2.65
1.04;0.63;2.45;51.0;43.0;33.0;17.0;2.0;3.27
0.93;0.53;1.65;28.0;35.0;34.0;22.0;4.0;2.87
0.94;0.66;0.81;14.0;40.0;23.0;24.0;5.0;1.78
0.85;0.58;11.01;28.0;33.0;31.0;20.0;2.0;1.99
0.63;0.42;1.01;16.0;38.0;42.0;16.0;7.0;1.6
0.5;0.36;0.69;14.0;38.0;51.0;8.0;13.0;1.15
0.45;0.36;1.09;20.0;33.0;49.0;21.0;9.0;1.71
1.12;0.55;2.92;80.0;52.0;21.0;28.0;2.0;5.64
0.3;0.3;0.31;7.0;20.0;66.0;12.0;1.0;0.59
0.33;0.32;0.4;7.0;22.67;63.33;11.0;2.0;0.75
0.36;0.33;0.49;7.0;25.33;60.67;10.0;3.0;0.92
0.39;0.35;0.58;7.0;28.0;58.0;9.0;4.0;1.08
0.54;0.37;0.63;20.0;35.0;52.0;7.0;2.0;1.18
0.42;0.37;0.53;8.0;28.0;50.0;10.0;5.0;1.09
0.76;0.49;2.37;50.0;43.0;24.0;9.0;3.0;4.47
0.47;0.37;1.07;22.0;33.0;47.0;7.0;2.0;2.18
0.44;0.34;0.68;14.0;27.0;59.0;8.0;5.0;1.07
0.63;0.45;0.95;20.0;37.0;46.0;10.0;3.0;1.57
0.49;0.42;1.19;9.0;20.0;43.0;10.0;2.0;1.09
0.58;0.37;1.11;6.0;3.0;46.0;11.0;2.0;1.71
0.92;0.63;2.09;22.0;25.0;24.0;19.0;8.0;3.19
0.86;0.61;1.82;33.0;36.0;32.0;16.0;5.0;2.96
0.42;0.35;0.53;6.0;30.0;46.0;9.0;3.0;1.13
0.3;0.3;0.45;6.0;27.0;50.0;7.0;6.0;0.89
0.62;0.43;0.72;8.0;27.0;42.0;10.0;8.0;1.49
0.48;0.37;0.75;7.0;17.0;48.0;11.0;1.0;0.93
0.38;0.32;0.35;6.0;25.0;52.0;7.0;3.0;0.7
0.44;0.34;0.61;12.0;28.0;34.0;10.0;7.0;1.47
0.65;0.51;1.54;7.0;27.0;31.0;17.0;13.0;1.27
0.93;0.77;1.32;11.0;35.0;19.0;21.0;2.0;1.94
1.4;0.99;1.5;9.0;38.0;14.0;20.0;11.0;2.2
0.76;0.63;0.69;6.0;20.0;32.0;23.0;7.0;1.04
0.36;0.32;0.21;2.0;7.0;58.0;16.0;8.0;0.4
0.29;0.29;0.22;2.0;9.0;56.0;13.0;9.0;0.35
0.68;0.45;0.66;9.0;21.0;39.0;17.0;9.0;1.29
0.83;0.51;0.93;16.0;23.0;41.0;17.0;11.0;1.85
0.52;0.38;0.44;4.0;16.0;64.0;14.0;10.0;0.98
0.46;0.38;0.2;5.0;21.0;63.0;17.0;11.0;0.56
0.68;0.43;0.74;5.0;22.0;55.0;22.0;14.0;0.91
0.63;0.35;0.28;2.0;11.0;67.0;22.0;14.0;0.72
0.31;0.31;0.18;2.0;10.0;67.0;6.0;8.0;0.27
0.5;0.4;0.17;3.0;16.0;47.0;10.0;14.0;0.52
0.64;0.48;0.21;6.0;19.0;40.0;14.0;5.0;0.82
0.36;0.31;0.19;2.0;12.0;71.0;12.0;3.0;0.41
0.35;0.37;0.24;2.0;16.0;72.0;14.0;4.0;0.46
0.51;0.41;0.6;7.0;23.0;50.0;13.0;12.0;1.21
0.18;0.34;0.18;2.0;3.0;72.0;6.0;3.0;0.32
0.18;0.26;0.18;2.0;6.0;59.0;5.0;3.0;0.29
0.86;0.55;0.21;3.0;17.0;41.0;12.0;7.0;0.86
0.93;0.7;0.15;6.0;20.0;32.0;15.0;14.0;0.93
0.92;0.75;0.14;4.0;21.0;28.0;15.0;8.0;1.02
0.24;0.45;0.09;3.0;9.0;39.0;7.0;2.0;0.59
0.13;0.36;0.08;2.0;2.0;48.0;5.0;2.0;0.3
0.17;0.37;0.07;2.0;2.0;48.0;8.0;3.0;0.22
0.13;0.35;0.26;2.0;10.0;66.0;6.0;13.0;0.64
0.43;0.44;1.0;3.0;8.0;37.0;13.0;2.0;1.23
0.32;0.41;0.75;3.0;6.0;56.0;8.0;11.0;1.06
0.3;0.36;0.71;9.0;20.0;54.0;5.0;2.0;1.49
0.36;0.38;0.4;7.0;21.0;45.0;6.0;2.0;1.15
0.23;0.37;0.74;3.0;13.0;48.0;6.0;3.0;0.66
0.16;0.32;0.07;2.0;9.0;53.0;5.0;3.0;0.32
0.13;0.36;0.25;3.0;12.0;53.0;6.0;3.0;0.61
0.13;0.35;0.1;3.0;14.0;60.0;8.0;3.0;0.53
0.27;0.37;0.53;4.0;15.0;57.0;9.0;3.0;0.74
0.27;0.37;0.2;3.0;16.0;52.0;10.0;2.0;0.89
0.44;0.53;0.29;3.0;11.0;41.0;20.0;3.0;1.1
0.35;0.41;0.09;3.0;7.0;44.0;14.0;2.0;0.63
0.16;0.37;0.07;2.0;8.0;50.0;10.0;2.0;0.4
0.21;0.35;0.16;4.0;15.0;49.0;6.0;2.0;0.63
0.14;0.32;0.46;4.0;14.0;58.0;5.0;2.0;0.59
0.34;0.4;0.71;9.0;26.0;34.0;9.0;2.0;1.68
0.19;0.34;0.24;3.0;9.0;51.0;6.0;2.0;0.99
0.16;0.31;0.17;2.5;5.5;42.0;4.5;2.0;0.74
0.12;0.28;0.1;2.0;2.0;33.0;3.0;2.0;0.49
0.24;0.36;0.25;2.0;3.0;31.0;7.0;2.0;0.6
0.41;0.42;0.28;2.0;9.0;31.0;9.0;2.0;0.66
0.58;0.47;2.98;16.0;12.0;39.0;12.0;2.0;4.13
0.44;0.41;0.42;3.0;11.0;48.0;8.0;2.0;1.28
0.21;0.34;0.93;3.0;9.0;48.0;7.0;2.0;0.85
0.44;0.47;0.41;3.0;12.0;43.0;12.0;3.0;1.06
0.45;0.51;0.53;2.0;7.0;38.0;14.0;2.0;1.19
0.21;0.35;0.1;2.0;5.0;51.0;7.0;2.0;0.47
0.09;0.34;0.1;2.0;5.0;58.0;4.0;3.0;0.33
0.2;0.35;0.81;9.0;11.0;49.0;7.0;2.0;0.91
0.09;0.33;0.09;2.0;10.0;55.0;5.0;2.0;0.36
0.08;0.34;0.09;3.0;12.0;46.0;6.0;2.0;0.54
0.09;0.34;0.12;2.0;9.0;54.0;5.0;2.0;0.34
0.21;0.4;0.27;2.0;7.0;63.0;9.0;2.0;0.68
0.35;0.33;0.45;2.0;6.0;63.0;9.0;2.0;1.19
0.36;0.38;0.45;2.0;8.0;55.0;11.0;2.0;1.19
0.5;0.49;0.63;3.0;6.0;46.0;14.0;4.0;1.7
0.58;0.55;0.99;4.0;17.0;47.0;14.0;3.0;1.34
0.44;0.45;2.32;4.0;17.0;51.0;14.0;2.0;2.44
0.31;0.42;0.38;3.0;16.0;63.0;14.0;3.0;1.21
0.19;0.34;0.25;4.0;16.0;51.0;8.0;3.0;0.91
0.08;0.3;0.38;2.0;7.0;58.0;4.0;2.0;0.64
0.07;0.28;0.07;2.0;5.0;56.0;5.0;2.0;0.22
0.1;0.3;0.16;3.0;11.0;54.0;8.0;2.0;0.64
0.14;0.33;0.41;5.0;14.0;43.0;8.0;2.0;0.81
0.31;0.38;0.68;4.0;18.0;45.0;11.0;3.0;1.09
0.64;0.57;1.44;10.0;33.0;43.0;17.0;7.0;2.38
0.61;0.54;1.23;7.0;29.0;50.0;17.0;5.0;1.67
0.58;0.51;0.86;4.0;25.0;46.0;16.0;4.0;1.37
0.55;0.48;0.49;2.0;21.0;41.0;15.0;3.0;1.07
0.89;0.52;3.94;4.0;21.0;44.0;15.0;3.0;3.22
0.53;0.52;0.53;4.0;21.0;37.0;15.0;3.0;1.2
0.2;0.41;0.24;3.0;16.0;61.0;15.0;2.0;0.75
0.09;0.32;0.11;4.0;14.0;70.0;7.0;2.0;0.33
0.12;0.29;0.29;5.0;12.0;51.0;6.0;3.0;0.49
0.11;0.19;0.33;4.0;12.0;52.0;6.0;2.0;0.51
0.1;0.2;0.34;5.0;14.0;52.0;5.0;2.0;0.5
0.11;0.19;0.33;6.0;14.0;52.0;5.0;1.0;0.51
0.09;0.09;0.38;5.0;16.0;53.0;5.0;1.0;0.52
0.08;0.09;0.13;6.0;17.0;53.0;7.0;1.0;0.7
0.12;0.09;0.58;8.0;19.0;40.0;4.0;1.0;0.74
0.09;0.09;0.14;7.0;17.0;58.0;5.0;1.0;0.47
0.1;0.08;0.13;4.0;15.0;65.0;5.0;1.0;0.38
0.12;0.08;0.41;3.0;13.0;48.0;6.0;1.0;0.51
0.1;0.09;0.25;7.0;15.0;44.0;5.0;1.0;0.68
0.09;0.08;0.1;6.0;17.0;43.0;4.0;2.0;0.58
0.1;0.08;0.23;5.0;19.0;45.0;5.0;3.0;0.85
0.34;0.08;0.29;5.0;16.0;43.0;6.0;3.0;1.25
0.58;0.11;0.34;7.0;21.0;41.0;9.0;3.0;1.65
0.45;0.15;0.3;3.0;18.0;45.0;10.0;3.0;1.49
0.22;0.08;0.24;3.0;12.0;36.0;7.0;2.0;0.72
0.43;0.23;0.23;4.0;15.0;39.0;10.0;3.0;1.11
0.69;0.29;1.09;8.0;29.0;35.0;20.0;3.0;3.14
0.57;0.14;0.45;4.0;23.0;46.0;18.0;1.0;1.44
0.38;0.11;0.36;4.0;22.0;47.0;12.0;1.0;1.17
0.19;0.08;0.27;4.0;23.0;48.0;12.0;2.0;0.9
0.22;0.08;0.45;5.0;15.0;27.0;6.0;2.0;0.84
0.09;0.08;0.16;3.0;8.0;34.0;4.0;2.0;0.32
0.15;0.11;0.18;4.0;17.0;39.0;5.0;2.0;0.56
0.35;0.14;0.67;8.0;19.0;32.0;7.0;2.0;1.05
0.24;0.12;0.4;6.0;16.5;32.5;6.0;2.0;0.8
0.12;0.1;0.14;4.0;14.0;33.0;5.0;2.0;0.56
0.1;0.1;0.19;6.0;17.0;39.0;4.0;2.0;0.76
0.13;0.13;0.39;5.0;15.0;45.0;6.0;2.0;0.61
0.18;0.21;0.57;5.0;18.0;45.0;9.0;3.0;0.78
0.31;0.29;0.39;3.0;15.0;42.0;11.0;3.0;0.73
0.09;0.12;0.23;3.0;11.0;37.0;4.0;3.0;0.44
0.08;0.09;0.08;3.0;8.0;53.0;6.0;3.0;0.4
0.11;0.12;0.31;2.0;12.0;62.0;9.0;3.0;0.69
0.21;0.18;0.31;3.0;19.0;57.0;10.0;3.0;0.84
0.28;0.18;1.02;4.0;15.0;38.0;5.0;2.0;1.28
0.07;0.09;0.07;2.0;8.0;57.0;5.0;1.0;0.22
0.08;0.1;0.07;2.0;8.0;70.0;7.0;1.0;0.27
0.13;0.13;0.16;3.0;16.0;71.0;7.0;2.0;0.6
0.11;0.16;0.15;3.0;15.0;52.0;9.0;6.0;0.6
0.11;0.15;0.15;4.0;13.0;41.0;6.0;4.0;0.5
0.08;0.11;0.14;3.0;10.0;51.0;5.0;3.0;0.5
0.08;0.12;0.08;3.0;10.0;50.0;6.0;5.0;0.52
0.28;0.22;0.55;3.0;16.0;51.0;10.0;8.0;0.76
0.37;0.22;0.33;2.0;15.0;51.0;15.0;3.0;0.79
0.1;0.13;0.17;3.0;13.0;52.0;7.0;2.0;0.64
0.11;0.12;0.3;3.0;12.0;53.0;6.0;2.0;0.56
0.2;0.17;0.46;4.0;17.0;65.0;12.0;7.0;0.97
0.15;0.15;0.5;3.0;17.0;73.0;14.0;2.0;0.77
0.11;0.12;0.26;2.0;12.0;80.0;7.0;4.0;0.5
0.22;0.15;0.23;3.0;15.0;47.0;9.0;5.0;0.73
0.3;0.2;0.67;3.0;14.0;28.0;6.0;6.0;0.97
0.27;0.19;0.87;6.0;14.0;36.0;8.0;6.0;1.21
0.08;0.12;0.11;3.0;11.0;39.0;4.0;1.0;0.48
0.12;0.12;0.44;4.0;13.0;37.0;5.0;2.0;0.91
0.1;0.11;0.28;3.0;12.0;38.0;4.5;1.0;0.69
0.18;0.12;0.67;6.0;25.0;38.5;6.0;4.0;1.01
0.36;0.13;1.06;10.0;37.0;39.0;8.0;7.0;1.32
0.32;0.2;0.26;5.0;38.0;29.0;9.0;5.0;2.25
0.29;0.11;0.46;8.0;35.0;28.0;6.0;4.0;1.21
0.11;0.1;0.15;6.0;25.0;46.0;3.0;4.0;0.32
0.14;0.11;0.15;5.0;15.0;45.0;5.0;3.0;0.43
0.14;0.11;0.22;4.0;13.0;44.0;4.0;5.0;0.51
0.37;0.32;0.81;14.0;28.0;25.0;9.0;7.0;1.26
0.17;0.1;0.28;4.0;16.0;49.0;10.0;8.0;1.02
0.11;0.09;0.09;2.0;12.0;57.0;10.0;4.0;0.53
0.08;0.11;0.12;3.0;16.0;60.0;7.0;10.0;0.55
0.41;0.16;0.53;5.0;25.0;44.0;13.0;12.0;1.49
0.34;0.15;0.44;7.0;19.0;34.0;5.0;9.0;1.22
0.14;0.17;0.16;5.0;17.0;46.0;5.0;15.0;0.69
0.24;0.21;0.23;5.0;20.0;47.0;8.0;24.0;0.79
0.28;0.16;0.61;4.0;16.0;35.0;8.0;3.0;1.07
0.09;0.11;0.14;3.0;10.0;41.0;5.0;5.0;0.23
0.3;0.16;1.12;11.0;23.0;19.0;10.0;9.0;1.1
0.27;0.18;0.76;14.0;37.0;21.0;8.0;4.0;0.91
0.24;0.19;0.4;21.0;42.0;30.0;9.0;5.0;0.71
0.21;0.13;0.13;3.0;31.0;43.0;6.0;6.0;0.35
0.34;0.14;0.15;12.0;32.0;42.0;8.0;8.0;0.85
0.19;0.1;0.14;3.0;27.0;45.0;6.0;7.0;0.33
0.17;0.11;0.13;3.0;28.0;47.0;6.0;5.0;0.31
0.26;0.14;0.16;4.0;32.0;46.0;8.0;4.0;0.61
0.36;0.13;1.06;10.0;37.0;39.0;8.0;4.0;1.32
0.32;0.2;0.26;5.0;38.0;29.0;9.0;3.0;2.25
0.29;0.11;0.46;8.0;35.0;28.0;6.0;5.0;1.21
0.11;0.1;0.15;6.0;25.0;46.0;3.0;7.0;0.32
0.14;0.11;0.15;5.0;15.0;45.0;5.0;8.0;0.43
0.14;0.11;0.22;4.0;13.0;44.0;4.0;4.0;0.51
0.37;0.32;0.81;14.0;28.0;25.0;9.0;10.0;1.26
0.22;0.15;0.85;13.0;18.0;41.0;6.0;9.0;1.21
0.18;0.12;0.47;33.0;23.0;39.0;6.0;6.0;4.67
0.5;0.63;2.84;51.0;39.0;25.0;13.0;10.0;3.07
0.33;0.27;2.14;103.0;41.0;41.0;13.0;8.0;1.87
0.08;0.1;0.1;20.0;8.0;58.0;5.0;6.0;0.18
0.1;0.09;0.13;3.0;8.0;52.0;3.0;3.0;0.28
0.15;0.11;0.29;11.0;16.0;35.0;5.0;5.0;0.72
0.15;0.11;0.28;5.0;13.0;42.0;6.0;8.0;0.7
0.17;0.14;0.29;33.0;18.0;44.0;10.0;7.0;1.01
0.26;0.12;0.38;36.0;17.0;46.0;10.0;7.0;0.89
0.17;0.14;0.26;9.0;20.0;43.0;11.0;4.0;0.64
0.14;0.1;0.24;22.0;16.0;42.0;9.0;4.0;0.53
0.41;0.28;0.83;22.0;25.0;31.0;14.0;9.0;1.49
0.46;0.19;1.31;36.0;33.0;28.0;18.0;10.0;1.89
0.34;0.02;0.77;19.0;20.0;37.0;17.0;6.0;1.22
0.28;0.27;0.46;25.0;17.0;43.0;18.0;6.0;1.01
0.35;0.41;1.43;25.0;20.0;23.0;16.0;5.0;2.03
0.29;0.48;0.61;6.0;27.0;31.0;10.0;5.0;1.18
0.29;0.56;0.73;7.0;19.0;24.0;9.0;5.0;1.39
0.18;0.6;0.62;5.0;14.0;36.0;9.0;6.0;0.67
0.17;0.66;1.12;8.0;22.0;24.0;7.0;4.0;1.45
0.29;0.75;1.16;13.0;25.0;18.0;10.0;8.0;1.45
0.22;0.78;0.98;11.0;14.0;38.0;8.0;7.0;1.1
0.17;0.89;0.41;14.0;15.0;47.0;5.0;10.0;0.85
0.17;0.96;0.2;9.0;14.0;45.0;5.0;12.0;0.6
0.13;1.0;0.26;5.0;9.0;48.0;5.0;5.0;0.67
0.11;1.05;0.14;2.0;7.0;53.0;4.0;7.0;0.34
0.35;0.94;0.65;11.0;21.0;31.0;10.0;6.0;1.01
0.51;0.9;2.75;20.0;26.0;23.0;11.0;7.0;2.58
0.33;0.9;2.51;22.0;24.0;23.0;16.0;17.0;1.6
0.33;0.76;2.51;17.0;21.5;30.5;11.5;15.0;1.6
0.33;0.63;2.51;12.0;19.0;38.0;7.0;13.0;1.6
0.15;0.44;2.26;9.0;15.0;52.0;4.0;8.0;0.62
0.16;0.51;1.08;6.0;11.0;51.0;4.0;7.0;0.66
0.14;0.54;0.55;5.0;9.0;45.0;6.0;7.0;0.68
0.35;0.67;1.35;22.0;28.0;29.0;8.0;9.0;1.6
0.28;0.61;1.68;16.0;18.0;28.0;8.0;9.0;1.3
0.14;0.37;0.7;4.0;12.0;39.0;7.0;6.0;0.85
0.32;0.38;0.99;14.0;22.0;24.0;14.0;5.0;1.57
0.29;0.38;0.83;8.0;24.0;32.0;14.0;8.0;1.12
0.18;0.42;0.36;5.0;14.0;46.0;5.0;8.0;0.76
0.24;0.51;0.22;4.0;10.0;49.0;5.0;7.0;0.59
0.24;0.55;0.31;6.0;11.0;41.0;5.0;8.0;0.71
0.15;0.53;0.14;8.0;16.0;50.0;4.0;3.0;0.41
0.26;0.65;0.35;11.0;19.0;42.0;5.0;8.0;0.84
0.44;0.9;1.04;23.0;28.0;31.0;8.0;8.0;1.32
0.43;1.02;1.67;22.0;25.0;29.0;9.0;4.0;1.81
0.61;1.13;1.83;22.0;25.0;22.0;13.0;8.0;1.69
0.92;1.28;2.52;29.0;27.0;17.0;18.0;11.0;2.79
0.53;1.16;1.64;36.0;24.0;44.0;14.0;6.0;3.17
0.34;1.03;1.26;13.0;29.0;40.0;9.0;10.0;2.0
0.56;0.7;1.48;32.0;32.0;24.0;10.0;14.0;2.57
0.69;0.72;2.11;35.0;33.0;17.0;12.0;9.0;2.87
0.57;0.67;2.52;28.0;32.0;23.0;10.0;9.0;2.09
0.52;0.64;1.92;16.0;26.0;33.0;8.0;7.0;2.21
0.2;0.59;0.4;4.0;14.0;56.0;4.0;7.0;0.74
0.27;0.62;0.41;9.0;22.0;51.0;6.0;6.0;0.85
0.6;0.71;1.88;37.0;36.0;23.0;11.0;12.0;3.2
0.45;0.63;1.21;24.0;29.0;33.0;8.0;6.0;1.91
0.6;0.67;2.14;27.0;31.0;22.0;11.0;7.0;3.03
0.98;0.75;3.39;48.0;33.0;16.0;18.0;8.0;3.55
1.39;0.83;6.05;57.0;38.0;10.0;22.0;9.0;5.43
1.55;0.87;5.35;46.0;26.0;9.0;24.0;9.0;7.08
0.74;0.7;1.25;10.0;16.0;36.0;11.0;13.0;2.1
0.41;0.74;0.49;11.0;30.0;31.0;6.0;10.0;1.1
0.33;0.66;1.04;7.0;20.0;41.0;6.0;9.0;1.04
0.66;0.72;1.89;36.0;32.0;19.0;13.0;8.0;2.51
0.63;0.7;2.37;27.0;26.0;28.0;21.0;10.0;3.16
0.66;0.75;2.66;17.0;26.0;28.0;12.0;13.0;3.41
0.24;0.65;0.97;3.0;14.0;53.0;4.0;8.0;1.82
0.57;0.71;1.35;21.0;31.0;25.0;11.0;11.0;2.2
0.59;0.7;5.14;18.0;26.0;20.0;11.0;8.0;4.25
0.91;0.74;3.82;47.0;37.0;12.0;16.0;9.0;3.5
1.03;0.78;3.21;37.0;35.0;16.0;18.0;7.0;4.25
1.2;0.85;3.8;51.0;38.0;14.0;18.0;11.0;4.17
0.73;0.72;2.14;19.0;27.0;24.0;14.0;9.0;3.42
0.39;0.65;0.93;8.0;20.0;35.0;10.0;16.0;2.6
0.48;0.66;1.21;22.0;29.0;27.0;11.0;10.0;1.95
1.43;0.86;4.99;110.0;37.0;5.0;22.0;11.0;5.72
1.4;0.86;7.39;107.0;42.0;6.0;22.0;14.0;8.27
0.24;0.64;0.39;5.0;19.0;50.0;6.0;8.0;0.87
0.43;0.63;3.45;25.0;30.0;31.0;7.0;6.0;6.86
0.83;0.67;2.43;34.0;28.0;11.0;16.0;4.0;2.47
1.23;0.77;3.33;45.0;26.0;9.0;24.0;4.0;3.86
1.44;0.85;5.96;85.0;40.0;7.0;26.0;6.0;6.9
1.33;0.74;15.98;99.0;43.0;8.0;27.0;7.0;7.01
0.72;0.65;4.01;46.0;43.0;15.0;18.0;8.0;4.13
1.52;0.72;5.25;59.0;38.0;8.0;20.0;9.0;6.09
1.52;0.82;5.71;90.0;38.0;4.0;26.0;10.0;10.75
1.35;0.79;3.82;54.0;38.0;8.0;23.0;7.0;4.85
1.57;0.8;3.63;58.0;34.0;5.0;28.0;9.0;4.82
1.11;0.65;2.56;62.0;33.0;8.0;25.0;7.0;3.86
1.07;0.64;2.55;48.5;33.5;7.0;25.5;10.0;3.8
1.03;0.64;2.55;35.0;34.0;6.0;26.0;13.0;3.73
0.74;0.59;1.45;29.0;37.0;21.0;13.0;19.0;2.06
0.29;0.55;0.99;16.0;25.0;39.0;6.0;12.0;0.93
0.32;0.54;0.32;15.0;28.0;43.0;5.0;5.0;0.86
0.24;0.52;0.21;8.0;20.0;50.0;6.0;8.0;0.79
0.34;0.54;0.53;9.0;26.0;39.0;7.0;7.0;1.17
0.17;0.5;0.24;5.0;14.0;7.0;5.0;9.0;0.62
0.24;0.49;0.25;5.0;19.0;13.0;6.0;4.0;0.52
0.59;0.6;1.41;36.0;43.0;19.0;10.0;10.0;1.56
0.6;0.59;1.32;33.0;43.0;25.0;9.0;11.0;2.27
0.24;0.49;0.41;12.0;24.0;43.0;5.0;8.0;1.05
0.34;0.47;0.61;12.0;22.0;43.0;8.0;7.0;0.9
1.12;0.68;3.07;52.0;40.0;4.0;16.0;10.0;4.11
0.54;0.56;0.91;28.0;39.0;22.0;10.0;8.0;1.67
0.57;0.51;1.06;37.0;32.0;26.0;9.0;7.0;1.74
0.73;0.58;1.66;58.0;45.0;24.0;12.0;8.0;2.15
0.97;0.63;3.37;81.0;43.0;8.0;16.0;7.0;3.11
0.8;0.57;2.63;71.0;31.0;22.0;14.0;9.0;3.12
0.94;0.63;1.72;44.0;38.0;14.0;16.0;13.0;2.55
1.05;0.6;1.64;36.0;39.0;7.0;18.0;10.0;3.02
1.72;0.92;4.96;150.0;49.0;4.0;23.0;11.0;9.42
0.95;0.63;2.8;99.0;27.0;19.0;15.0;11.0;4.84
0.38;0.46;0.74;17.0;34.0;27.0;6.0;9.0;1.75
0.51;0.47;0.5;17.0;34.0;22.0;8.0;5.0;1.34
0.44;0.45;0.38;9.0;21.0;37.0;9.0;2.0;0.73
0.65;0.54;0.85;31.0;36.0;14.0;15.0;4.0;1.61
0.31;0.45;0.23;9.0;21.0;41.0;8.0;5.0;0.52
0.28;0.42;0.22;10.0;21.0;52.0;6.0;3.0;0.66
0.29;0.42;0.26;12.0;28.0;47.0;6.0;3.0;0.83
0.39;0.47;0.58;17.0;34.0;41.0;7.0;10.0;1.24
0.28;0.43;0.24;13.0;29.0;45.0;5.0;5.0;0.6
0.24;0.36;0.16;4.0;18.0;51.0;5.0;4.0;0.45
0.49;0.39;0.35;12.0;29.0;28.0;7.0;6.0;0.93
0.4;0.4;0.14;6.0;23.0;39.0;5.0;5.0;0.55
0.42;0.42;0.34;17.0;33.0;31.0;6.0;5.0;0.81
0.66;0.48;1.18;25.0;38.0;14.0;12.0;8.0;1.24
0.84;0.48;0.76;32.0;29.0;13.0;15.0;6.0;1.52
0.93;0.49;1.35;57.0;41.0;13.0;18.0;6.0;1.95
1.03;0.53;2.13;69.0;48.0;12.0;21.0;8.0;2.34
0.9;0.65;2.08;20.0;38.0;12.0;18.0;8.0;2.07
0.91;0.9;2.09;27.0;34.0;17.0;16.0;7.0;2.1
0.9;0.89;2.08;77.0;47.0;11.0;22.0;9.0;2.07
0.78;0.78;2.04;49.0;48.0;16.0;18.0;14.0;1.8
1.06;1.99;3.74;77.0;49.0;16.0;21.0;15.0;3.6
0.78;1.4;2.65;33.0;51.0;7.0;21.0;14.0;1.88
1.03;0.81;3.13;57.0;44.0;12.0;18.0;12.0;3.18
0.98;0.8;2.92;53.0;46.0;11.0;18.0;9.0;2.95
1.08;0.92;3.29;39.0;46.0;7.0;22.0;17.0;3.52
0.97;0.8;2.92;48.0;38.0;13.0;17.0;15.0;2.91
0.81;0.8;2.22;78.0;39.0;25.0;16.0;8.0;2.82
0.39;0.56;0.65;15.0;27.0;52.0;6.0;8.0;1.49
0.47;0.62;0.76;33.0;27.0;50.0;7.0;10.0;1.86
0.34;0.57;0.62;14.0;26.0;51.0;4.0;7.0;1.15
0.27;0.53;0.25;5.0;16.0;57.0;6.0;6.0;0.52
0.24;0.56;0.28;4.0;16.0;54.0;5.0;8.0;0.73
0.47;0.58;0.75;10.0;34.0;29.0;8.0;9.0;1.31
0.92;0.92;2.42;58.0;40.0;8.0;16.0;11.0;3.46
0.98;0.88;3.23;65.0;34.0;9.0;13.0;8.0;4.86
1.0;1.05;1.74;57.0;35.0;4.0;18.0;10.0;2.69
1.02;1.09;1.73;68.0;41.0;5.0;11.0;11.0;2.7
0.19;0.55;0.24;4.0;11.0;66.0;5.0;11.0;0.53
0.12;0.51;0.15;4.0;10.0;67.0;7.0;5.0;0.34
0.26;0.54;0.35;12.0;22.0;50.0;9.0;8.0;0.84
0.66;0.84;1.1;33.0;34.0;15.0;13.0;13.0;2.32
0.37;0.61;0.53;8.0;29.0;40.0;9.0;12.0;1.23
0.71;0.72;1.16;38.0;39.0;16.0;18.0;15.0;2.58
0.67;0.69;1.49;35.0;28.0;27.0;16.0;8.0;2.41
0.38;0.58;0.26;5.0;22.0;50.0;5.0;5.0;0.62
0.65;0.77;1.33;13.0;32.0;21.0;14.0;6.0;1.16
0.6;0.74;0.93;23.0;36.0;28.0;10.0;10.0;1.52
0.46;0.66;0.61;13.0;29.0;43.0;8.0;14.0;1.23
0.43;0.61;0.4;7.0;25.0;45.0;11.0;9.0;0.93
1.04;0.93;2.13;50.0;38.0;6.0;20.0;11.0;3.21
0.62;0.75;0.88;17.0;35.0;29.0;11.0;10.0;1.74
0.91;0.86;2.57;32.0;32.0;16.0;15.0;8.0;2.55
0.45;0.66;1.14;13.0;21.0;27.0;10.0;7.0;1.66
0.56;0.74;1.54;47.0;29.0;38.0;11.0;13.0;2.81
0.57;0.67;1.18;24.0;32.0;38.0;12.0;11.0;1.95
0.76;0.93;2.17;33.0;37.0;17.0;15.0;14.0;2.5
0.52;0.65;0.77;15.0;31.0;31.0;10.0;10.0;1.47
0.48;0.67;0.86;25.0;27.0;34.0;17.0;8.0;1.61
0.1;0.44;0.1;2.0;6.0;68.0;11.0;5.0;0.2
0.23;0.53;0.13;3.0;14.0;61.0;7.0;8.0;0.33
0.38;0.61;1.06;15.0;30.0;36.0;9.0;4.0;1.0
0.56;0.48;1.08;37.0;27.0;36.0;10.0;8.0;1.85
0.66;0.3;1.6;12.0;26.0;54.0;13.0;11.0;2.94
0.58;0.34;1.08;7.0;35.0;41.0;11.0;6.0;2.04
0.54;0.29;1.19;4.0;23.0;41.0;10.0;5.0;1.78
0.53;0.26;0.32;3.0;18.0;43.0;14.0;6.0;1.39
0.68;0.3;0.9;6.0;21.0;35.0;16.0;3.0;2.02
0.64;0.29;0.82;5.56;20.44;36.89;15.56;3.33;1.91
0.3;0.24;0.14;2.0;16.0;52.0;12.0;6.0;1.07
0.36;0.31;0.2;3.0;18.0;48.0;15.0;8.0;1.36
0.67;0.35;0.67;9.0;32.0;39.0;17.0;6.0;2.37
0.89;0.36;1.66;8.0;31.0;43.0;22.0;5.0;2.28
1.7;0.59;6.8;71.0;46.0;12.0;28.0;12.0;7.03
1.2;0.44;6.64;32.0;32.0;19.0;16.0;18.0;5.1
0.74;0.34;1.9;19.0;30.0;32.0;9.0;5.0;2.75
0.5;0.33;1.61;7.0;22.0;45.0;9.0;7.0;1.86
0.43;0.33;0.24;3.0;13.0;59.0;10.0;9.0;0.86
0.84;0.38;1.15;18.0;22.0;40.0;13.0;6.0;2.91
0.71;0.35;1.6;17.0;26.0;35.0;12.0;4.0;3.06
0.82;0.42;4.4;12.0;25.0;30.0;11.0;5.0;4.23
0.57;0.35;3.29;11.0;22.0;42.0;11.0;5.0;4.09
0.52;0.39;1.59;8.0;26.0;43.0;8.0;7.0;1.66
0.43;0.3;0.33;4.0;20.0;48.0;9.0;3.0;1.55
0.64;0.35;1.08;4.0;19.0;47.0;14.0;5.0;1.38
0.63;0.35;3.77;11.0;25.0;37.0;13.0;7.0;2.47
0.89;0.44;3.41;27.0;30.0;31.0;20.0;10.0;3.49
0.56;0.38;0.96;6.0;29.0;40.0;18.0;10.0;2.32
0.81;0.5;2.45;26.0;34.0;23.0;17.0;6.0;4.11
0.47;0.36;0.97;11.0;25.0;43.0;11.0;2.0;2.03
0.38;0.29;0.49;4.0;21.0;45.0;10.0;5.0;1.3
0.94;0.81;1.63;8.0;33.0;25.0;19.0;17.0;2.47
1.2;0.64;5.84;61.0;51.0;21.0;23.0;10.0;6.92
1.27;0.88;4.74;37.0;59.0;14.0;33.0;23.0;6.31
1.05;0.52;3.99;44.0;52.0;25.0;32.0;8.0;6.77
0.99;0.45;3.96;14.0;40.0;29.0;35.0;7.0;5.79
0.39;0.33;0.45;3.0;14.0;42.0;23.0;6.0;1.68
0.2;0.25;0.23;2.0;11.0;57.0;14.0;3.0;0.64
0.33;0.27;0.28;3.0;14.0;51.0;15.0;3.0;1.09
0.41;0.33;0.52;7.0;21.0;47.0;15.0;4.0;1.69
0.14;0.24;0.22;3.0;17.0;64.0;7.0;4.0;0.51
0.19;0.25;0.24;4.0;18.0;65.0;10.0;3.0;0.74
0.85;0.41;2.32;20.0;38.0;32.0;20.0;9.0;3.25
0.72;0.44;3.13;23.0;36.0;31.0;18.0;7.0;4.34
0.47;0.38;1.12;9.0;22.0;32.0;12.0;6.0;1.81
0.15;0.27;0.22;3.0;14.0;61.0;6.0;5.0;0.49
0.37;0.3;1.92;17.0;22.0;46.0;10.0;4.0;1.43
0.48;0.34;1.39;11.0;26.0;36.0;13.0;5.0;2.08
0.45;0.34;0.82;14.0;23.0;49.0;12.0;5.0;1.83
0.29;0.29;0.69;14.0;25.0;56.0;11.0;5.0;1.45
0.35;0.3;0.69;16.0;27.0;58.0;13.0;5.0;1.48
0.39;0.29;0.78;5.0;21.0;53.0;16.0;6.0;1.09
0.82;0.56;1.28;5.0;30.0;38.0;20.0;10.0;1.64
0.78;0.5;1.62;16.0;34.0;43.0;21.0;5.0;4.45
0.54;0.49;0.77;10.0;37.0;41.0;18.0;6.0;2.46
0.28;0.37;0.41;4.0;23.0;42.0;11.0;5.0;1.55
0.55;0.5;1.12;9.0;32.0;30.0;15.0;5.0;2.65
0.73;0.44;3.41;31.0;42.0;25.0;13.0;5.0;4.18
0.26;0.29;0.55;3.0;19.0;54.0;9.0;5.0;1.35
0.28;0.41;0.37;3.0;16.0;44.0;11.0;6.0;1.12
0.42;0.29;0.37;6.0;19.0;40.0;12.0;4.0;1.48
0.19;0.26;0.23;4.0;18.0;55.0;11.0;3.0;1.25
0.3;0.28;0.36;5.0;26.0;62.0;11.0;3.0;1.49
0.21;0.28;0.42;5.0;30.0;48.0;9.0;5.0;1.32
0.42;0.33;0.91;9.0;33.0;48.0;10.0;6.0;1.33
0.39;0.34;1.14;6.5;29.5;45.0;10.5;6.0;1.66
0.36;0.35;1.37;4.0;26.0;42.0;11.0;6.0;1.98
0.37;0.3;1.4;4.0;22.0;40.0;10.0;5.0;1.99
0.36;0.39;1.37;10.0;28.0;41.0;13.0;5.0;1.98
0.3;0.39;1.83;9.0;23.0;43.0;12.0;6.0;2.63
0.29;0.43;1.64;8.0;20.0;39.0;11.0;7.0;1.91
0.34;0.44;1.34;11.0;26.0;28.0;12.0;5.0;2.46
0.32;0.44;0.85;14.0;27.0;34.0;10.0;4.0;2.78
0.38;0.5;1.63;6.0;23.0;36.0;11.0;11.0;1.86
0.43;0.46;0.73;5.0;19.0;39.0;10.0;10.0;2.13
0.43;0.42;1.15;16.0;28.0;30.0;9.0;11.0;2.55
0.44;0.37;1.49;7.0;20.0;52.0;8.0;5.0;2.56
0.44;0.43;1.83;17.0;28.0;37.0;9.0;7.0;2.98
0.39;0.4;1.29;12.0;23.0;35.0;8.0;6.0;1.93
0.45;0.44;1.48;9.0;27.0;37.0;9.0;8.0;2.12
0.29;0.52;0.7;4.0;21.0;27.0;11.0;8.0;1.63
0.12;0.35;0.2;2.0;10.0;48.0;6.0;5.0;0.66
0.24;0.36;0.37;8.0;16.0;46.0;8.0;8.0;1.26
0.12;0.4;0.14;5.0;20.0;38.0;8.0;9.0;1.12
0.21;0.42;0.7;7.0;19.0;41.0;7.0;8.0;1.55
0.28;0.39;1.67;9.0;18.0;37.0;9.0;11.0;1.58
0.12;0.34;0.3;4.0;15.0;51.0;6.0;7.0;0.71
0.17;0.32;0.4;3.0;13.0;51.0;6.0;6.0;0.9
0.15;0.38;0.52;3.0;15.0;47.0;8.0;8.0;0.78
0.12;0.34;0.26;4.0;12.0;61.0;8.0;5.0;0.66
0.09;0.36;0.2;4.0;15.0;52.0;10.0;8.0;1.04
0.38;0.48;0.49;7.0;21.0;41.0;14.0;8.0;1.96
0.51;0.65;0.98;5.0;25.0;37.0;14.0;14.0;3.76
0.39;0.58;0.47;5.0;23.0;35.0;15.0;8.0;2.0
0.2;0.41;0.24;2.0;16.0;44.0;11.0;9.0;0.93
0.46;0.68;0.31;3.0;20.0;43.0;16.0;17.0;1.19
0.92;0.84;1.08;8.0;33.0;33.0;18.0;16.0;2.9
0.53;0.57;1.33;5.0;24.0;42.0;19.0;9.0;3.51
0.16;0.44;0.67;4.0;24.0;51.0;14.0;7.0;1.72
0.1;0.34;0.14;5.0;19.0;47.0;7.0;4.0;0.79
0.16;0.33;0.4;5.0;16.0;43.0;8.0;5.0;1.25
0.19;0.36;0.76;5.0;15.0;38.0;10.0;8.0;1.49
0.1;0.35;0.13;2.0;10.0;52.0;8.0;10.0;0.26
0.19;0.42;0.11;4.0;15.0;47.0;13.0;8.0;0.8
0.14;0.42;0.2;6.0;23.0;37.0;15.0;5.0;0.73
0.15;0.37;0.21;4.0;19.0;48.0;11.0;5.0;0.74
0.14;0.31;0.2;4.0;16.0;44.0;10.0;7.0;0.73
0.09;0.28;0.29;4.0;13.0;35.0;8.0;5.0;0.66
0.11;0.33;0.18;2.0;9.0;46.0;11.0;3.0;0.49
0.25;0.47;0.38;4.0;17.0;34.0;20.0;6.0;1.14
0.34;0.52;0.64;4.0;19.0;42.0;17.0;7.0;1.77
0.34;0.56;0.64;4.0;22.0;50.0;15.0;7.0;1.77
0.43;0.68;0.9;9.0;27.0;46.0;15.0;6.0;2.4
0.12;0.48;0.45;4.0;16.0;52.0;8.0;4.0;1.69
0.22;0.48;0.32;7.0;20.0;41.0;7.0;5.0;1.23
0.09;0.48;0.11;3.0;12.0;47.0;7.0;5.0;0.48
0.19;0.48;0.15;2.0;12.0;44.0;9.0;4.0;0.7
0.33;0.57;0.65;10.0;17.0;37.0;8.0;3.0;1.6
0.1;0.47;0.12;6.0;15.0;59.0;6.0;5.0;0.55
0.35;0.48;1.44;6.0;19.0;48.0;11.0;6.0;1.7
0.33;0.46;0.25;6.0;15.0;50.0;11.0;5.0;1.33
0.11;0.47;0.31;5.0;16.0;50.0;12.0;6.0;1.86
0.1;0.48;0.2;2.0;13.0;54.0;12.0;6.0;0.84
0.11;0.44;0.18;2.0;7.0;60.0;5.0;3.0;0.38
0.18;0.46;0.47;6.0;14.0;60.0;8.0;4.0;1.01
0.14;0.46;0.29;6.0;15.0;47.0;11.0;4.0;1.12
0.11;0.46;0.23;3.0;14.0;43.0;12.0;4.0;1.15
0.3;0.57;0.46;6.5;20.0;35.0;13.0;6.5;1.72
0.49;0.68;0.68;10.0;26.0;27.0;14.0;9.0;2.3
0.89;0.78;2.14;16.0;30.0;13.0;18.0;6.0;3.66
0.34;0.6;0.67;5.0;18.0;33.0;10.0;8.0;1.61
0.28;0.57;0.29;4.0;16.0;36.0;11.0;8.0;0.94
0.28;0.54;0.39;7.0;18.0;35.0;10.0;6.0;1.57
0.08;0.49;0.14;3.0;10.0;49.0;8.0;6.0;0.68
0.16;0.56;0.24;6.0;14.0;35.0;8.0;6.0;1.13
0.15;0.51;0.5;7.0;13.0;36.0;8.0;7.0;0.99
0.26;0.58;0.35;5.0;19.0;39.0;10.0;8.0;1.24
0.45;0.63;0.51;5.0;18.0;34.0;13.0;11.0;1.66
0.24;0.59;0.23;3.0;12.0;35.0;13.0;7.0;0.95
0.08;0.48;0.14;6.0;10.0;38.0;7.0;6.0;0.57
0.1;0.48;0.14;5.0;10.0;38.0;9.0;5.0;0.45
0.08;0.5;0.24;4.0;13.0;39.0;8.0;6.0;0.86
0.09;0.47;0.19;3.0;10.0;44.0;8.0;5.0;0.58
0.08;0.47;0.16;3.0;12.0;52.0;10.0;6.0;0.83
0.2;0.65;0.24;3.0;13.0;53.0;14.0;6.0;0.72
0.26;0.78;0.85;3.0;17.0;47.0;17.0;7.0;0.72
0.46;0.88;1.09;8.0;22.0;48.0;19.0;11.0;1.79
0.3;0.66;1.0;3.0;17.0;57.0;21.0;10.0;1.66
0.25;0.69;0.74;3.0;20.0;63.0;21.0;5.0;1.59
0.21;0.71;0.66;4.0;18.0;57.0;16.0;7.0;1.6
0.18;0.54;0.31;4.0;17.0;47.0;8.0;5.0;1.18
0.09;0.51;0.55;4.0;14.0;33.0;8.0;5.0;1.5
0.13;0.48;0.2;2.0;11.0;42.0;8.0;5.0;0.82
0.21;0.59;0.31;4.0;18.0;53.0;12.0;7.0;1.18
0.32;0.5;0.36;4.0;14.0;54.0;11.0;6.0;0.86
0.11;0.52;0.3;4.0;16.0;51.0;8.0;7.0;1.26
0.17;0.53;0.38;4.0;15.0;49.0;10.0;5.0;1.2
0.19;0.51;0.62;5.0;15.0;35.0;8.0;5.0;1.31
0.13;0.46;0.26;4.0;11.0;44.0;7.0;5.0;0.59
0.15;0.49;0.22;3.0;12.0;43.0;10.0;5.0;0.66
0.15;0.51;0.32;5.0;18.0;43.0;11.0;5.0;1.15
0.25;0.54;0.64;6.0;18.0;39.0;12.0;4.0;1.91
0.3;0.53;0.6;6.0;14.0;32.0;7.0;4.0;1.69
0.21;0.53;0.78;7.0;12.0;35.0;8.0;5.0;1.39
0.15;0.53;0.25;4.0;15.0;47.0;8.0;5.0;0.93
0.16;0.51;0.3;3.0;10.0;44.0;7.0;6.0;0.82
0.08;0.49;0.17;3.0;9.0;46.0;8.0;6.0;0.48
0.31;0.75;0.52;7.0;23.0;32.0;12.0;5.0;1.77
0.41;0.69;1.28;10.0;20.0;34.0;15.0;3.0;2.45
0.18;0.58;0.78;3.0;14.0;39.0;12.0;3.0;1.93
0.18;0.61;0.27;4.0;15.0;38.0;12.0;4.0;1.18
0.15;0.56;0.74;3.0;12.0;45.0;10.0;4.0;1.35
0.14;0.58;0.17;3.0;11.0;39.0;11.0;4.0;0.77
0.09;0.48;0.24;2.0;6.0;55.0;7.0;5.0;0.36
0.09;0.48;0.15;2.0;7.0;60.0;7.0;5.0;0.29
0.1;0.46;0.21;2.0;9.0;69.0;6.0;4.0;0.55
0.09;0.46;0.19;2.0;11.0;65.0;8.0;5.0;0.62
0.1;0.47;0.24;3.0;11.0;60.0;6.0;3.0;0.74
0.17;0.51;0.23;3.0;13.0;58.0;12.0;3.0;1.0
0.3;0.58;0.57;5.0;16.0;40.0;14.0;5.0;1.54
0.09;0.47;0.15;2.0;7.0;48.0;8.0;3.0;0.47
0.19;0.49;0.51;4.0;12.0;43.0;6.0;3.0;1.23
0.16;0.38;0.44;5.0;15.0;54.0;9.0;6.0;1.13
0.21;0.33;0.83;6.0;21.0;50.0;11.0;5.0;1.46
0.47;0.42;3.32;5.0;27.0;44.0;16.0;4.0;2.55
0.28;0.37;0.89;3.0;20.0;63.0;15.0;4.0;1.92
0.09;0.31;0.27;2.0;11.0;71.0;8.0;3.0;0.56
0.1;0.3;0.18;2.0;12.0;63.0;9.0;4.0;0.62
0.16;0.32;0.25;5.0;18.0;58.0;9.0;4.0;0.99
0.42;0.34;0.48;7.0;23.0;55.0;12.0;4.0;1.24
0.43;0.49;0.74;7.0;29.0;42.0;15.0;4.0;2.62
0.67;0.53;1.02;6.0;34.0;37.0;16.0;4.0;2.49
0.41;0.37;0.65;8.0;25.0;51.0;14.0;4.0;1.92
0.48;0.58;0.74;4.0;28.0;55.0;17.0;6.0;1.47
0.71;0.76;1.32;14.0;43.0;26.0;20.0;8.0;2.55
0.87;0.53;4.76;35.0;59.0;17.0;20.0;6.0;5.58
0.57;0.46;3.74;16.0;42.0;33.0;17.0;4.0;3.7
0.2;0.43;0.49;7.0;23.0;33.0;10.0;4.0;1.33
0.28;0.41;0.56;13.0;25.0;32.0;12.0;4.0;1.71
0.45;0.4;0.74;8.0;26.0;32.0;10.0;4.0;1.97
0.67;0.57;1.35;11.0;32.0;24.0;16.0;9.0;2.26
0.72;0.71;1.23;11.0;32.0;26.0;19.0;9.0;2.35
0.77;0.5;3.13;34.0;41.0;16.0;18.0;5.0;4.91
0.65;0.52;0.78;11.0;27.0;28.0;12.0;4.0;2.87
0.39;0.47;0.71;9.0;28.0;35.0;11.0;5.0;2.13
0.38;0.44;0.79;7.0;25.0;39.0;12.0;5.0;2.08
0.46;0.43;1.91;14.0;26.0;21.0;10.0;6.0;2.38
0.27;0.38;0.82;7.0;19.0;31.0;7.0;6.0;1.31
0.19;0.36;0.5;4.0;14.0;44.0;9.0;7.0;1.06
0.35;0.38;0.48;8.0;23.0;37.0;7.0;6.0;1.21
0.4;0.41;1.09;9.0;21.0;23.0;8.0;5.0;1.64
0.47;0.42;1.54;13.0;28.0;28.0;12.0;4.0;2.3
0.4;0.42;1.53;14.0;19.0;36.0;13.0;4.0;2.05
0.65;0.49;1.62;9.0;30.0;35.0;19.0;6.0;3.08
0.66;0.43;1.7;9.0;25.0;31.0;11.0;5.0;2.41
0.46;0.44;1.46;10.0;23.0;28.0;12.0;7.0;2.34
0.43;0.39;0.5;6.0;24.0;34.0;9.0;4.0;1.82
0.56;0.42;1.39;17.0;27.0;23.0;11.0;5.0;2.29
0.26;0.37;1.47;12.0;22.0;31.0;9.0;6.0;1.83
0.83;0.52;2.27;20.0;28.0;24.0;11.0;8.0;3.42
0.7;0.49;2.08;19.0;24.5;24.5;12.5;8.0;3.05
0.56;0.46;1.9;18.0;21.0;25.0;14.0;8.0;2.68
0.58;0.41;2.27;18.0;23.0;17.0;11.0;5.0;3.01
0.25;0.34;0.65;5.0;15.0;49.0;8.0;7.0;1.04
0.51;0.4;1.36;17.0;27.0;28.0;12.0;6.0;1.9
0.13;0.33;0.3;5.0;16.0;49.0;8.0;4.0;0.89
0.49;0.4;1.7;13.0;28.0;29.0;12.0;8.0;2.64
1.05;0.6;4.05;33.0;33.0;15.0;17.0;9.0;4.77
0.92;0.54;3.2;27.0;29.0;22.0;17.0;5.0;4.93
0.94;0.43;1.94;10.0;24.0;27.0;15.0;4.0;3.08
0.78;0.4;1.25;9.0;20.0;32.0;14.0;3.0;2.32
0.73;0.42;1.34;19.0;28.0;29.0;17.0;4.0;2.87
0.79;0.42;1.56;11.0;22.0;29.0;18.0;5.0;3.13
0.57;0.41;4.76;12.0;29.0;25.0;16.0;5.0;2.49
1.34;0.63;6.65;40.0;40.0;9.0;26.0;7.0;5.79
0.8;0.45;2.49;30.0;31.0;35.0;18.0;6.0;3.49
1.07;0.52;1.69;19.0;35.0;10.0;25.0;6.0;3.35
0.71;0.45;1.86;15.0;23.0;18.0;13.0;6.0;3.21
1.06;0.57;4.61;55.0;33.0;7.0;18.0;6.0;6.45
1.51;0.66;7.01;78.0;34.0;12.0;21.0;5.0;9.38
0.65;0.45;2.32;19.0;24.0;33.0;12.0;4.0;6.99
0.34;0.38;0.73;9.0;27.0;44.0;9.0;6.0;1.57
0.51;0.4;0.43;10.0;29.0;25.0;9.0;6.0;1.88
1.28;0.51;2.0;26.0;28.0;15.0;15.0;5.0;3.05
0.6;0.45;1.0;11.0;24.0;22.0;14.0;6.0;2.05
0.67;0.47;1.24;18.0;25.0;21.0;10.0;6.0;2.31
1.33;0.62;4.29;48.0;32.0;13.0;17.0;5.0;6.05
1.08;0.59;3.9;44.0;39.0;14.0;16.0;7.0;4.69
1.28;0.59;4.99;52.0;41.0;17.0;20.0;5.0;5.52
0.67;0.45;1.52;13.0;32.0;26.0;12.0;4.0;2.8
0.79;0.54;1.75;20.0;25.0;23.0;12.0;6.0;2.64
0.66;0.5;1.41;11.0;22.0;27.0;10.0;6.0;2.78
0.15;0.4;0.29;4.0;13.0;55.0;4.0;6.0;0.97
0.5;0.56;1.0;17.0;27.0;41.0;7.0;6.0;1.91
0.51;0.46;0.87;13.0;26.0;41.0;8.0;7.0;1.7
0.54;0.45;1.26;13.0;30.0;34.0;8.0;9.0;2.03
0.75;0.52;1.85;21.0;38.0;22.0;12.0;8.0;2.4
0.88;0.53;1.73;26.0;31.0;17.0;14.0;11.0;2.76
0.77;0.54;1.0;16.0;28.0;18.0;14.0;10.0;1.87
0.68;0.51;1.01;15.0;26.0;22.0;15.0;11.0;2.33
0.28;0.4;0.3;5.0;20.0;36.0;6.0;5.0;1.38
0.77;0.47;3.01;33.0;29.0;23.0;13.0;6.0;5.53
1.29;0.55;3.36;51.0;32.0;12.0;22.0;10.0;4.42
1.26;0.64;2.91;37.0;35.0;11.0;21.0;14.0;4.18
1.04;0.59;1.99;25.0;29.0;21.0;17.0;9.0;3.21
0.72;0.5;0.59;7.0;27.0;27.0;15.0;7.0;1.42
0.91;0.53;0.76;15.0;34.0;21.0;14.0;6.0;2.39
1.01;0.54;2.27;34.0;34.0;7.0;16.0;5.0;3.85
1.11;0.56;2.45;33.0;33.0;13.0;17.0;5.0;4.0
0.93;0.47;2.69;44.0;33.0;15.0;24.0;6.0;4.02
1.56;0.67;4.08;69.0;34.0;8.0;32.0;15.0;5.32
2.28;0.94;5.6;84.0;35.0;7.0;32.0;17.0;7.28
1.07;0.57;1.09;20.0;25.0;22.0;17.0;12.0;2.6
0.66;0.46;0.52;18.0;34.0;23.0;7.0;6.0;1.82
0.7;0.45;0.8;9.0;29.0;23.0;11.0;7.0;2.03
0.4;0.43;0.14;6.0;17.0;38.0;8.0;6.0;1.03
0.72;0.51;0.88;16.0;38.0;25.0;10.0;7.0;2.02
0.55;0.55;0.69;17.0;35.0;32.0;8.0;9.0;1.62
0.28;0.4;0.27;9.0;24.0;52.0;6.0;5.0;0.65
0.39;0.47;0.44;7.0;24.0;46.0;10.0;7.0;0.94
0.9;0.62;2.0;47.0;40.0;32.0;13.0;13.0;2.86
1.34;0.7;3.93;66.0;49.0;8.0;21.0;12.0;4.77
0.99;0.61;2.57;43.5;43.5;19.5;15.0;10.0;3.51
0.63;0.52;1.21;21.0;38.0;31.0;9.0;8.0;2.26
0.57;0.5;0.63;20.0;38.0;34.0;9.0;6.0;1.44
1.1;0.64;3.14;51.0;47.0;19.0;13.0;10.0;4.15
0.39;0.48;0.65;10.0;28.0;42.0;9.0;6.0;1.49
0.37;0.45;0.62;5.0;19.0;56.0;7.0;5.0;0.98
0.78;0.57;1.2;16.0;39.0;27.0;11.0;9.0;2.32
0.93;0.66;1.92;42.0;40.0;26.0;10.0;9.0;3.54
0.3;0.4;0.19;5.0;19.0;59.0;5.0;4.0;0.59
0.42;0.5;0.9;15.0;34.0;42.0;10.0;9.0;1.53
0.22;0.43;0.4;9.0;24.0;55.0;9.0;6.0;0.83
0.65;0.55;1.64;20.0;32.0;33.0;11.0;6.0;2.06
1.71;0.73;3.61;73.0;33.0;7.0;19.0;9.0;4.53
2.63;1.01;9.32;182.0;52.0;4.0;35.0;20.0;8.37
1.68;0.78;5.44;116.0;44.0;6.0;28.0;15.0;6.68
1.93;0.86;6.49;111.0;41.0;4.0;30.0;10.0;7.37
1.93;0.75;6.4;80.0;38.0;5.0;29.0;10.0;8.05
2.26;0.85;7.05;69.0;41.0;4.0;33.0;12.0;8.04
2.25;1.07;7.04;100.0;44.0;4.0;33.0;14.0;8.05
2.26;0.96;7.05;98.0;43.0;5.0;36.0;13.0;8.72
2.59;0.99;7.59;169.0;60.0;5.0;40.0;12.0;8.72
2.55;0.95;9.07;136.0;55.0;7.0;29.0;10.0;10.67
1.27;0.62;4.64;53.0;38.0;32.0;15.0;3.0;5.81
1.74;0.7;4.43;48.0;45.0;27.0;19.0;4.0;5.85
2.21;0.83;4.22;68.0;43.0;8.0;25.0;5.0;5.89
2.31;0.89;4.62;58.0;37.0;5.0;29.0;4.0;6.35
2.41;0.95;5.1;74.0;40.0;3.0;29.0;5.0;6.39
0.79;0.57;2.08;23.0;35.0;42.0;12.0;6.0;2.72
1.04;0.6;2.69;32.0;47.0;26.0;13.0;6.0;4.19
1.57;0.77;5.29;67.0;49.0;9.0;20.0;7.0;6.16
2.33;0.87;6.8;117.0;46.0;4.0;29.0;18.0;8.6
1.85;0.81;5.11;81.0;51.0;8.0;25.0;21.0;6.75
1.26;0.64;0.84;8.0;27.0;32.0;39.0;14.0;2.16
2.09;0.78;3.84;39.0;47.0;15.0;47.0;10.0;4.89
2.74;0.99;4.99;88.0;55.0;11.0;69.0;14.0;7.35
0.51;0.51;1.12;10.0;32.0;42.0;8.0;6.0;2.31
1.31;0.59;3.79;28.0;48.0;18.0;15.0;6.0;5.13
1.16;0.59;2.29;18.0;31.0;22.0;18.0;10.0;3.12
0.8;0.59;1.45;21.0;40.0;33.0;10.0;9.0;2.25
0.4;0.52;0.72;9.0;25.0;37.0;9.0;12.0;2.22
0.16;0.46;0.26;4.0;13.0;54.0;6.0;10.0;0.58
0.72;0.56;1.54;33.0;35.0;24.0;12.0;6.0;2.77
0.31;0.45;0.74;5.0;27.0;43.0;7.0;6.0;1.77
0.51;0.5;1.34;14.0;35.0;31.0;8.0;6.0;2.0
1.22;0.64;3.54;50.0;38.0;8.0;22.0;9.0;3.82
1.77;0.9;4.86;74.0;52.0;11.0;28.0;15.0;4.99
1.76;0.76;3.74;55.0;49.0;14.0;27.0;11.0;4.6
2.09;0.8;4.81;77.0;50.0;8.0;32.0;11.0;5.63
2.55;0.89;6.61;128.0;59.0;6.0;42.0;12.0;7.87
1.78;0.75;4.94;90.0;50.0;8.0;34.0;11.0;6.43
1.67;0.74;5.74;80.0;45.0;9.0;30.0;10.0;6.52
1.37;0.69;3.09;36.0;44.0;10.0;27.0;15.0;4.75
0.83;0.57;2.3;19.0;39.0;25.0;10.0;13.0;4.77
1.33;0.59;3.85;29.0;39.0;24.0;18.0;10.0;5.69
1.32;0.83;3.84;55.0;39.0;11.0;30.0;15.0;5.68
1.33;1.03;3.85;91.0;53.0;8.0;37.0;18.0;5.69
1.83;0.85;5.39;88.0;49.0;12.0;36.0;16.0;6.61
1.67;0.8;4.27;73.0;45.0;13.0;33.0;15.0;5.48
1.22;0.66;2.9;22.0;40.0;20.0;30.0;12.0;3.63
1.15;0.66;2.18;32.0;39.0;18.0;25.0;10.0;3.37
1.32;0.76;2.68;32.0;36.0;14.0;28.0;15.0;3.64
1.45;0.78;1.36;19.0;32.0;17.0;35.0;15.0;2.72
0.93;0.64;0.91;13.0;33.0;25.0;25.0;11.0;2.16
0.88;0.63;1.52;24.0;40.0;30.0;13.0;9.0;2.81
2.06;1.07;6.45;96.0;50.0;6.0;33.0;15.0;8.33
2.08;0.97;6.82;86.0;52.0;13.0;31.0;18.0;8.4
1.36;0.75;3.83;33.0;47.0;19.0;23.0;12.0;4.56
0.65;0.63;1.21;19.0;33.0;42.0;9.0;6.0;1.74
1.04;0.69;1.5;19.0;34.0;23.0;16.0;14.0;2.39
1.01;0.68;1.7;24.0;39.0;24.0;15.0;18.0;2.87
1.38;0.82;4.11;45.0;43.0;11.0;22.0;14.0;5.19
1.89;0.94;7.88;83.0;55.0;13.0;31.0;14.0;6.66
1.73;1.0;6.25;51.0;59.0;10.0;37.0;17.0;6.21
0.73;0.67;1.54;7.0;35.0;34.0;15.0;5.0;3.0
1.07;0.72;1.66;16.0;32.0;18.0;24.0;3.0;2.92
0.77;0.69;1.37;19.0;25.0;27.0;16.0;6.0;2.35
0.48;0.61;0.39;12.0;34.0;42.0;8.0;5.0;1.35
0.94;0.71;2.44;30.0;46.0;24.0;12.0;9.0;3.15
1.06;0.69;3.33;32.0;38.0;25.0;13.0;5.0;4.39
1.07;0.75;4.39;46.0;40.0;16.0;15.0;5.0;4.44
0.76;0.69;1.5;24.0;34.0;25.0;12.0;6.0;2.58
0.7;0.6;1.09;8.0;28.0;33.0;11.0;5.0;1.6
0.64;0.64;0.85;8.0;28.0;28.0;10.0;5.0;1.83
0.57;0.6;0.91;11.0;29.0;32.0;13.0;7.0;1.81
0.92;0.72;2.43;30.0;42.0;17.0;17.0;4.0;3.1
1.1;0.74;2.89;29.0;39.0;14.0;23.0;9.0;4.77
0.29;0.57;0.46;6.0;21.0;40.0;11.0;5.0;0.94
0.28;0.53;0.12;3.0;17.0;39.0;9.0;4.0;0.66
0.98;0.72;2.7;24.0;39.0;14.0;18.0;5.0;2.67
1.36;0.89;3.06;20.0;39.0;17.0;23.0;7.0;2.93
1.33;0.9;3.33;30.0;49.0;10.0;25.0;7.0;3.57
0.51;0.6;0.57;10.0;24.0;40.0;10.0;9.0;1.54
0.55;0.63;0.86;7.0;26.0;45.0;12.0;6.0;0.84
1.0;0.71;1.22;15.0;35.0;22.0;18.0;14.0;2.59
0.94;0.7;2.42;19.0;41.0;30.0;14.0;5.0;3.55
0.77;0.68;1.63;24.0;32.0;30.0;14.0;6.0;2.52
0.88;0.8;2.02;19.0;36.0;29.0;12.0;6.0;3.38
0.49;0.67;1.52;20.0;29.0;50.0;9.0;10.0;1.8
0.66;0.62;1.04;12.0;30.0;35.0;11.0;4.0;2.02
0.61;0.68;0.97;6.0;25.0;50.0;10.0;3.0;1.39
0.69;0.67;0.75;11.0;29.0;33.0;12.0;5.0;1.93
0.93;0.74;3.23;21.0;35.0;19.0;25.0;6.0;3.37
0.64;0.68;1.0;8.0;30.0;36.0;13.0;4.0;2.12
0.53;0.62;0.81;10.0;29.0;44.0;10.0;4.0;1.33
0.92;0.69;2.04;27.0;32.0;20.0;18.0;5.0;3.95
1.35;0.78;2.38;26.0;34.0;20.0;21.0;4.0;3.97
0.96;0.72;2.29;20.0;31.0;29.0;18.0;2.0;3.44
0.75;0.67;1.96;18.0;33.0;38.0;11.0;2.0;3.16
0.93;0.69;2.35;16.0;38.0;31.0;16.0;4.0;4.12
0.56;0.62;1.4;7.0;24.0;54.0;11.0;5.0;2.07
0.84;0.69;1.68;15.0;29.0;40.0;18.0;3.0;3.16
0.96;0.74;1.25;9.0;31.0;42.0;21.0;4.0;2.62
1.42;0.95;1.83;10.0;37.0;25.0;27.0;10.0;3.46
1.22;0.85;2.39;12.0;33.0;26.0;25.0;5.0;3.01
1.04;0.77;2.43;25.0;33.0;30.0;29.0;5.0;3.91
0.44;0.64;0.72;3.0;20.0;52.0;21.0;5.0;1.65
0.31;0.65;0.35;7.0;27.0;51.0;15.0;5.0;1.14
0.18;0.65;0.42;7.0;27.0;48.0;15.0;7.0;0.94
0.33;0.64;0.31;9.0;26.0;49.0;8.0;6.0;0.98
0.42;0.63;0.52;5.0;21.0;53.0;10.0;7.0;0.95
0.46;0.61;0.42;4.0;20.0;48.0;8.0;4.0;0.86
0.55;0.63;0.75;16.0;30.0;36.0;16.0;9.0;1.9
0.59;0.46;0.59;14.0;32.0;41.0;20.0;14.0;1.91
0.66;0.43;1.99;19.0;37.0;29.0;19.0;10.0;2.81
0.47;0.41;1.25;14.0;30.0;36.0;12.0;15.0;2.22
0.42;0.35;1.16;17.0;33.0;43.0;13.0;11.0;2.22
0.32;0.32;0.46;5.0;25.0;43.0;10.0;12.0;1.32
0.52;0.35;1.33;11.0;27.0;32.0;12.0;10.0;2.37
0.39;0.41;0.81;8.0;27.0;44.0;17.0;12.0;1.6
0.44;0.36;1.08;10.0;28.0;36.0;10.0;13.0;2.5
0.16;0.31;0.42;9.0;24.0;35.0;9.0;14.0;1.2
0.34;0.44;0.57;4.0;21.0;38.0;14.0;13.0;1.33
0.25;0.39;0.17;3.0;12.0;50.0;17.0;11.0;0.45
0.64;0.67;0.11;4.0;22.0;38.0;26.0;16.0;0.97
0.42;0.49;0.13;3.0;15.0;47.0;21.0;13.0;0.66
0.26;0.33;0.15;6.0;22.0;46.0;14.0;13.0;1.07
0.36;0.3;0.15;7.0;23.0;55.0;8.0;16.0;0.73
0.21;0.28;0.16;7.0;21.0;59.0;9.0;15.0;0.77
0.2;0.31;0.44;8.0;22.0;48.0;10.0;5.0;1.26
0.51;0.39;0.9;15.0;30.0;35.0;13.0;10.0;2.26
0.13;0.31;0.15;5.0;17.0;60.0;7.0;2.0;0.74
0.21;0.32;0.3;5.0;19.0;52.0;11.0;4.0;1.19
0.58;0.45;1.44;18.0;29.0;37.0;16.0;8.0;2.47
0.73;0.47;1.37;17.0;38.0;27.0;18.0;9.0;2.9
0.48;0.38;1.01;16.0;26.0;34.0;12.0;10.0;2.21
0.42;0.39;0.74;8.0;24.0;41.0;11.0;10.0;1.51
0.7;0.59;1.55;12.0;27.0;36.0;19.0;9.0;2.79
0.57;0.55;0.35;5.0;22.0;44.0;24.0;11.0;1.37
0.44;0.48;0.25;4.0;18.0;52.5;22.0;8.5;0.97
0.32;0.42;0.15;3.0;14.0;61.0;20.0;6.0;0.56
0.27;0.35;0.31;3.0;20.0;59.0;15.0;5.0;0.86
0.36;0.34;0.51;6.0;26.0;47.0;18.0;6.0;1.58
0.39;0.4;0.93;12.0;28.0;45.0;22.0;10.0;2.24
0.29;0.32;0.97;10.0;26.0;44.0;17.0;10.0;2.22
0.22;0.27;0.53;8.0;22.0;39.0;12.0;8.0;2.02
0.28;0.37;0.55;5.0;20.0;37.0;15.0;7.0;2.02
0.4;0.5;0.24;3.0;19.0;38.0;16.0;8.0;1.23
0.63;0.5;1.65;20.0;36.0;28.0;16.0;10.0;3.36
0.37;0.39;0.94;7.0;26.0;40.0;21.0;8.0;2.56
0.3;0.41;0.46;5.0;21.0;37.0;16.0;7.0;1.53
0.11;0.28;0.56;5.0;18.0;43.0;8.0;7.0;1.19
0.12;0.29;0.14;5.0;17.0;37.0;9.0;6.0;1.14
0.27;0.38;0.26;4.0;16.0;33.0;14.0;6.0;0.91
0.24;0.37;0.41;4.0;21.0;45.0;14.0;7.0;1.34
0.6;0.46;0.7;13.0;29.0;27.0;16.0;7.0;2.34
0.36;0.36;0.97;16.0;24.0;34.0;14.0;9.0;2.14
0.17;0.29;0.19;7.0;18.0;44.0;8.0;8.0;1.17
0.37;0.47;0.22;8.0;22.0;44.0;15.0;9.0;1.32
0.17;0.34;0.14;4.0;16.0;47.0;14.0;8.0;0.92
0.25;0.41;0.31;4.0;15.0;38.0;17.0;6.0;1.04
0.14;0.31;0.3;4.0;14.0;37.0;12.0;5.0;1.35
0.16;0.27;0.18;9.0;22.0;39.0;6.0;6.0;1.04
0.3;0.26;0.76;9.0;20.0;42.0;8.0;7.0;1.75
0.24;0.29;0.42;6.0;18.0;48.0;9.0;6.0;1.22
0.25;0.28;0.66;10.0;19.0;33.0;10.0;10.0;2.1
0.08;0.24;0.12;3.0;10.0;46.0;7.0;6.0;0.39
0.08;0.24;0.12;3.0;9.0;50.0;10.0;6.0;0.27
0.09;0.26;0.14;3.0;10.0;60.0;13.0;11.0;0.58
0.15;0.28;0.34;5.0;20.0;50.0;12.0;8.0;1.27
0.19;0.3;0.41;13.0;15.0;40.0;13.0;9.0;1.6
0.23;0.32;0.47;20.0;12.0;29.0;13.0;8.0;1.92
0.17;0.32;0.53;23.0;15.0;27.0;12.0;10.0;1.61
0.12;0.37;0.16;21.0;10.0;30.0;18.0;12.0;0.57
0.13;0.31;0.12;13.0;5.0;37.0;13.0;13.0;0.51
0.11;0.29;0.1;9.0;3.0;45.0;12.0;12.0;0.48
0.14;0.29;0.22;14.0;3.0;34.0;13.0;12.0;0.7
0.15;0.35;0.15;12.0;5.0;43.0;13.0;14.0;0.78
0.18;0.4;0.42;18.0;7.0;20.0;14.0;13.0;1.79
0.33;0.43;0.15;15.0;6.0;29.0;13.0;12.0;1.3
0.47;0.48;0.76;23.0;6.0;24.0;17.0;15.0;2.25
0.08;0.27;0.11;7.0;2.0;35.0;9.0;12.0;0.32
0.13;0.31;0.1;7.0;2.0;39.0;11.0;13.0;0.24
0.09;0.3;0.12;11.0;4.0;40.0;11.0;11.0;0.7
0.33;0.46;0.74;21.0;12.0;28.0;20.0;10.0;1.91
0.9;0.75;2.92;31.0;15.0;27.0;29.0;10.0;3.81
0.34;0.44;0.7;20.0;7.0;42.0;28.0;8.0;2.38
0.56;0.49;1.67;28.0;16.0;38.0;38.0;18.0;2.72
0.32;0.35;0.36;15.0;5.0;34.0;22.0;11.0;1.2
0.19;0.29;0.1;8.0;2.0;39.0;8.0;12.0;0.5
0.17;0.33;4.52;15.0;6.0;39.0;10.0;16.0;2.98
0.24;0.36;5.53;19.0;5.0;36.0;12.0;16.0;2.95
0.22;0.36;0.18;15.0;6.0;41.0;13.0;14.0;1.02
0.19;0.33;0.27;17.0;7.0;35.0;12.0;14.0;1.43
0.26;0.35;0.36;34.0;9.0;27.0;13.0;16.0;1.35
0.09;0.24;0.17;18.0;4.0;47.0;8.0;16.0;0.45
0.12;0.24;0.1;8.0;2.0;40.0;8.0;16.0;0.44
0.15;0.27;0.28;15.0;4.0;40.0;9.0;16.0;0.71
0.13;0.26;0.13;20.0;6.0;38.0;13.0;10.0;1.06
0.1;0.3;0.1;23.0;8.0;33.0;9.0;6.0;0.66
0.14;0.29;0.11;24.0;8.0;39.0;9.0;6.0;0.72
0.16;0.32;0.16;39.0;11.5;36.0;11.0;6.5;1.12
0.17;0.34;0.2;54.0;15.0;33.0;13.0;7.0;1.51
0.15;0.32;0.14;30.0;14.0;31.0;14.0;6.0;1.03
0.1;0.28;0.31;7.0;11.0;39.0;7.0;6.0;0.36
0.08;0.34;0.13;11.0;13.0;36.0;6.0;5.0;0.11
1.92;0.28;0.16;9.0;14.0;35.0;11.0;4.0;0.14
3.03;0.27;0.72;7.0;12.0;49.0;10.0;4.0;0.2
3.23;0.28;1.46;11.0;12.0;40.0;13.0;4.0;0.87
1.24;0.26;0.13;6.0;10.0;41.0;11.0;4.0;4.19
0.5;0.34;0.5;9.0;15.0;39.0;15.0;5.0;7.03
0.49;0.61;1.81;13.0;20.0;39.0;22.0;7.0;8.1
0.56;0.81;2.16;22.0;30.0;36.0;26.0;8.0;8.12
0.53;0.73;2.21;23.0;30.0;37.0;26.0;7.0;6.88
0.78;0.92;3.56;27.0;41.0;56.0;32.0;17.0;6.53
0.69;0.86;2.8;19.0;26.0;52.0;38.0;7.0;5.09
0.67;0.49;0.46;14.0;22.0;51.0;33.0;4.0;0.85
0.73;0.57;0.57;17.0;27.0;39.0;38.0;5.0;1.27
0.74;0.62;0.5;16.0;24.0;57.0;41.0;9.0;0.92
0.62;0.46;0.33;12.0;19.0;46.0;29.0;5.0;0.71
0.57;0.38;0.16;11.0;18.0;48.0;25.0;5.0;0.49
0.54;0.35;0.22;12.0;15.0;43.0;14.0;5.0;0.55
0.51;0.32;0.2;6.0;10.0;52.0;17.0;4.0;0.73
0.51;0.36;0.15;10.0;15.0;48.0;10.0;7.0;0.37
0.5;0.34;0.14;6.0;11.0;47.0;10.0;5.0;0.31
0.56;0.39;0.25;9.0;13.0;39.0;16.0;4.0;0.49
0.54;0.35;0.17;8.0;11.0;42.0;9.0;4.0;0.37
0.5;0.37;0.14;7.0;12.0;44.0;6.0;3.0;0.32
0.52;0.28;0.26;7.0;12.0;52.0;7.0;7.0;0.51
0.58;0.31;0.22;11.0;15.0;47.0;13.0;21.0;0.54
0.55;0.3;0.24;9.0;14.0;49.0;10.0;15.0;0.53
0.5;0.25;0.17;4.0;7.0;44.0;7.0;16.0;0.35
0.52;0.27;0.2;4.0;7.0;43.0;9.0;17.0;0.45
